module_id,sequence,objective_ids,starter_brief,variant_brief,source_candidates,source_locator_task,source_status,delivery_status,plan_ref
CS01-M01,1,CS01-M01-O01;CS01-M01-O02;CS01-M01-O03,hello.c 含缺失分号与错误格式串；输入姓名与整数,增加空输入、解析失败及非零退出，区分构建与执行阶段,S01,C、Arrays、Memory；仅主题入口，C17 具体行为补规范,入口初筛；逐主张待核对,编排完成；工件待制作,sequences/CS01.md
CS01-M02,2,CS01-M02-O01;CS01-M02-O02;CS01-M02-O03,温度换算及按分存储的账单；正负数与除法表达式,比较整数除法、浮点误差；溢出只识别风险，不要求未定义行为的固定输出,S01,C、Arrays、Memory；仅主题入口，C17 具体行为补规范,入口初筛；逐主张待核对,编排完成；工件待制作,sequences/CS01.md
CS01-M03,3,CS01-M03-O01;CS01-M03-O02;CS01-M03-O03,分段停车计费表，阈值为 30/60 分钟,测试 29/30/31/59/60/61；修改收费区间后重写判断,S01,C、Arrays、Memory；仅主题入口，C17 具体行为补规范,入口初筛；逐主张待核对,编排完成；工件待制作,sequences/CS01.md
CS01-M04,4,CS01-M04-O01;CS01-M04-O02;CS01-M04-O03,含 0、负数和结束标记的数据流,空数据、只有结束标记和首次命中；保存每轮变量值,S01,C、Arrays、Memory；仅主题入口，C17 具体行为补规范,入口初筛；逐主张待核对,编排完成；工件待制作,sequences/CS01.md
CS01-M05,5,CS01-M05-O01;CS01-M05-O02;CS01-M05-O03,重复的统计函数和阶乘递归骨架,加入非法输入及递归边界；追踪同名局部变量，限定可表示范围,S01,C、Arrays、Memory；仅主题入口，C17 具体行为补规范,入口初筛；逐主张待核对,编排完成；工件待制作,sequences/CS01.md
CS01-M06,6,CS01-M06-O01;CS01-M06-O02;CS01-M06-O03,固定容量数组及带空格的文本缓冲区,插入首尾和满容量；空串、容量不足及终止符检查,S01,C、Arrays、Memory；仅主题入口，C17 具体行为补规范,入口初筛；逐主张待核对,编排完成；工件待制作,sequences/CS01.md
CS01-M07,7,CS01-M07-O01;CS01-M07-O02;CS01-M07-O03,带容量字段的动态数组，扩容失败注入开关,模拟分配失败及别名引用；检查旧数据保留和释放责任,S01,C、Arrays、Memory；仅主题入口，C17 具体行为补规范,入口初筛；逐主张待核对,编排完成；工件待制作,sequences/CS01.md
CS01-M08,8,CS01-M08-O01;CS01-M08-O02;CS01-M08-O03,学生记录结构体与单文件菜单程序,拆成头文件/存储/显示；单独替换显示模块重新构建,S01,C、Arrays、Memory；仅主题入口，C17 具体行为补规范,入口初筛；逐主张待核对,编排完成；工件待制作,sequences/CS01.md
CS01-M09,9,CS01-M09-O01;CS01-M09-O02;CS01-M09-O03,合法记录文件、损坏行及不可写目标目录,读失败和写失败后重载；不得覆盖最后一个有效版本,S01,C、Arrays、Memory；仅主题入口，C17 具体行为补规范,入口初筛；逐主张待核对,编排完成；工件待制作,sequences/CS01.md
CS01-M10,10,CS01-M10-O01;CS01-M10-O02;CS01-M10-O03,前九模块的记录器和四个隐藏缺陷补丁,先写能失败的回归案例，再修复；在另一组记录上独立核验,S01,C、Arrays、Memory；仅主题入口，C17 具体行为补规范,入口初筛；逐主张待核对,编排完成；工件待制作,sequences/CS01.md
CS02-M01,1,CS02-M01-O01;CS02-M01-O02;CS02-M01-O03,Book 与 Inventory 骨架；借出后库存不得小于零,重复归还、负初值、外部修改；检查构造和每条修改路径,S02;S03,对象/继承/泛型/异常；JLS21 条款待逐目标定位,入口初筛；逐主张待核对,编排完成；工件待制作,sequences/CS02.md
CS02-M02,2,CS02-M02-O01;CS02-M02-O02;CS02-M02-O03,包含文件读写、计费、通知的 LibraryService,替换内存仓库后业务测试不变；解释依赖方向,S02;S03,对象/继承/泛型/异常；JLS21 条款待逐目标定位,入口初筛；逐主张待核对,编排完成；工件待制作,sequences/CS02.md
CS02-M03,3,CS02-M03-O01;CS02-M03-O02;CS02-M03-O03,普通/限时借阅政策接口及破坏契约的实现,通过同一接口调用全部政策；增加不同期限的政策,S02;S03,对象/继承/泛型/异常；JLS21 条款待逐目标定位,入口初筛；逐主张待核对,编排完成；工件待制作,sequences/CS02.md
CS02-M04,4,CS02-M04-O01;CS02-M04-O02;CS02-M04-O03,同 ISBN 不同实例、重复记录和排序需求,可变键及哈希冲突；比较列表/集合/映射的语义,S02;S03,对象/继承/泛型/异常；JLS21 条款待逐目标定位,入口初筛；逐主张待核对,编排完成；工件待制作,sequences/CS02.md
CS02-M05,5,CS02-M05-O01;CS02-M05-O02;CS02-M05-O03,可注入读写失败的仓库和已打开资源,异常传播时资源关闭、状态保留；不接受静默成功,S02;S03,对象/继承/泛型/异常；JLS21 条款待逐目标定位,入口初筛；逐主张待核对,编排完成；工件待制作,sequences/CS02.md
CS02-M06,6,CS02-M06-O01;CS02-M06-O02;CS02-M06-O03,邮件和站内通知替身，借阅完成事件,订阅撤销、重复通知及观察者失败；解释是否隔离失败,S02;S03,对象/继承/泛型/异常；JLS21 条款待逐目标定位,入口初筛；逐主张待核对,编排完成；工件待制作,sequences/CS02.md
CS02-M07,7,CS02-M07-O01;CS02-M07-O02;CS02-M07-O03,两个版本的 JSON 记录及内存仓库替身,旧字段缺失、未知字段及真实文件往返；与模拟测试分开,S02;S03,对象/继承/泛型/异常；JLS21 条款待逐目标定位,入口初筛；逐主张待核对,编排完成；工件待制作,sequences/CS02.md
CS02-M08,8,CS02-M08-O01;CS02-M08-O02;CS02-M08-O03,可运行借阅系统的 v1 工件及新增预约需求,第二轮增加新角色政策；提交前后契约测试与对象关系差异,S02;S03,对象/继承/泛型/异常；JLS21 条款待逐目标定位,入口初筛；逐主张待核对,编排完成；工件待制作,sequences/CS02.md
CS03-M01,1,CS03-M01-O01;CS03-M01-O02;CS03-M01-O03,唯一整数集合的数组/链式骨架，同一操作脚本,空集合和重复插入；分别记录比较次数和读写次数,S04,结构/树/散列/图讲义目录；串、B树、外排另补源,入口初筛；逐主张待核对,编排完成；工件待制作,sequences/CS03.md
CS03-M02,2,CS03-M02-O01;CS03-M02-O02;CS03-M02-O03,顺序表和链表执行插入 A/B/C、删首尾、中间插入,增加循环/双向链接；校验前后链接而非只看打印结果,S04,结构/树/散列/图讲义目录；串、B树、外排另补源,入口初筛；逐主张待核对,编排完成；工件待制作,sequences/CS03.md
CS03-M03,3,CS03-M03-O01;CS03-M03-O02;CS03-M03-O03,容量 3 的栈、循环队列及括号串 ([{}]),空弹出、满队列、回绕及 ([)]；另做链式队列,S04,结构/树/散列/图讲义目录；串、B树、外排另补源,入口初筛；逐主张待核对,编排完成；工件待制作,sequences/CS03.md
CS03-M04,4,CS03-M04-O01;CS03-M04-O02;CS03-M04-O03,文本 abababac、模式 ababac；稀疏坐标和嵌套表,重复前缀回退、空模式规则、重复坐标；压缩后还原,S04,结构/树/散列/图讲义目录；串、B树、外排另补源,入口初筛；逐主张待核对,编排完成；工件待制作,sequences/CS03.md
CS03-M05,5,CS03-M05-O01;CS03-M05-O02;CS03-M05-O03,树的边表和带同权重符号表,改变孩子次序与同权选择；遍历和前缀码性质分别检查,S04,结构/树/散列/图讲义目录；串、B树、外排另补源,入口初筛；逐主张待核对,编排完成；工件待制作,sequences/CS03.md
CS03-M06,6,CS03-M06-O01;CS03-M06-O02;CS03-M06-O03,插入 30/20/10 的查找树；待删除内部节点,不同旋转和删除情况；另用明示阶数的 B/B+ 树页分裂,S04,结构/树/散列/图讲义目录；串、B树、外排另补源,入口初筛；逐主张待核对,编排完成；工件待制作,sequences/CS03.md
CS03-M07,7,CS03-M07-O01;CS03-M07-O02;CS03-M07-O03,两分量图、孤点、重复边处理约定,改变邻接顺序；接受不同合法遍历但必须覆盖声明范围,S04,结构/树/散列/图讲义目录；串、B树、外排另补源,入口初筛；逐主张待核对,编排完成；工件待制作,sequences/CS03.md
CS03-M08,8,CS03-M08-O01;CS03-M08-O02;CS03-M08-O03,课程任务 DAG 与有向带权图,增加环、不可达节点、负边；区分拓扑/关键路径/最短路条件,S04,结构/树/散列/图讲义目录；串、B树、外排另补源,入口初筛；逐主张待核对,编排完成；工件待制作,sequences/CS03.md
CS03-M09,9,CS03-M09-O01;CS03-M09-O02;CS03-M09-O03,固定容量散列表及刻意碰撞的键序列,删除碰撞链中间键、墓碑复用、扩容；查找不得提前终止,S04,结构/树/散列/图讲义目录；串、B树、外排另补源,入口初筛；逐主张待核对,编排完成；工件待制作,sequences/CS03.md
CS03-M10,10,CS03-M10-O01;CS03-M10-O02;CS03-M10-O03,带原始序号的重复键记录及内存块上限,检验稳定性；生成多个有序段并归并，记录最大驻留块数,S04,结构/树/散列/图讲义目录；串、B树、外排另补源,入口初筛；逐主张待核对,编排完成；工件待制作,sequences/CS03.md
CS04-M01,1,CS04-M01-O01;CS04-M01-O02;CS04-M01-O03,有序数组二分查找的边界缺陷版本,空数组、重复值和不存在值；明确返回契约再写不变量,S04;S05,算法讲义目录与课程入口；证明及近似界待正文核对,入口初筛；逐主张待核对,编排完成；工件待制作,sequences/CS04.md
CS04-M02,2,CS04-M02-O01;CS04-M02-O02;CS04-M02-O03,归并骨架与第 k 小问题，奇数长度输入,重复值和极不均衡划分；把递推中的工作量逐项对应代码,S04;S05,算法讲义目录与课程入口；证明及近似界待正文核对,入口初筛；逐主张待核对,编排完成；工件待制作,sequences/CS04.md
CS04-M03,3,CS04-M03-O01;CS04-M03-O02;CS04-M03-O03,会议开始/结束时间表及三个候选贪心策略,构造最早开始策略失败例；小规模穷举最优及交换论证分开,S04;S05,算法讲义目录与课程入口；证明及近似界待正文核对,入口初筛；逐主张待核对,编排完成；工件待制作,sequences/CS04.md
CS04-M04,4,CS04-M04-O01;CS04-M04-O02;CS04-M04-O03,0/1 背包物品表，含零容量与重复重量,恢复所选物品；一维更新方向错误不得变成完全背包,S04;S05,算法讲义目录与课程入口；证明及近似界待正文核对,入口初筛；逐主张待核对,编排完成；工件待制作,sequences/CS04.md
CS04-M05,5,CS04-M05-O01;CS04-M05-O02;CS04-M05-O03,小棋盘约束放置及剪枝骨架,改变禁用格；逐步保存被剪分支的理由并核对小规模全解,S04;S05,算法讲义目录与课程入口；证明及近似界待正文核对,入口初筛；逐主张待核对,编排完成；工件待制作,sequences/CS04.md
CS04-M06,6,CS04-M06-O01;CS04-M06-O02;CS04-M06-O03,含同权边的无向图和带容量有向网络,生成树允许多个最优；最大流检查容量/守恒/残量反向边,S04;S05,算法讲义目录与课程入口；证明及近似界待正文核对,入口初筛；逐主张待核对,编排完成；工件待制作,sequences/CS04.md
CS04-M07,7,CS04-M07-O01;CS04-M07-O02;CS04-M07-O03,按倍数扩容的动态数组及随机选择程序,多组 seed 和扩容阈值；势能/总成本论证独立于时间图,S04;S05,算法讲义目录与课程入口；证明及近似界待正文核对,入口初筛；逐主张待核对,编排完成；工件待制作,sequences/CS04.md
CS04-M08,8,CS04-M08-O01;CS04-M08-O02;CS04-M08-O03,小图顶点覆盖实例与可验证证书,精确枚举对照近似算法；归约方向及保证条件单独审阅,S04;S05,算法讲义目录与课程入口；证明及近似界待正文核对,入口初筛；逐主张待核对,编排完成；工件待制作,sequences/CS04.md
CS04-M09,9,CS04-M09-O01;CS04-M09-O02;CS04-M09-O03,带期限、资源限制的任务分配输入,改变一个原假设，识别旧算法失效并重新定义契约,S04;S05,算法讲义目录与课程入口；证明及近似界待正文核对,入口初筛；逐主张待核对,编排完成；工件待制作,sequences/CS04.md
CS05-M01,1,CS05-M01-O01;CS05-M01-O02;CS05-M01-O03,三个命题的准入规则和未填满的真值表,蕴涵与等价对照；加入能否定原断言的赋值,S06,逻辑/证明/关系/计数/图课程范围；代数与格补源,入口初筛；逐主张待核对,编排完成；工件待制作,sequences/CS05.md
CS05-M02,2,CS05-M02-O01;CS05-M02-O02;CS05-M02-O03,学生/课程/选课的有限论域与自然语言规则,交换量词、否定全称、扩大论域；标明有限检查边界,S06,逻辑/证明/关系/计数/图课程范围；代数与格补源,入口初筛；逐主张待核对,编排完成；工件待制作,sequences/CS05.md
CS05-M03,3,CS05-M03-O01;CS05-M03-O02;CS05-M03-O03,整数求和归纳证明的缺基例版本,换起始下标并修复归纳步；证明正文保留待复核条件,S06,逻辑/证明/关系/计数/图课程范围；代数与格补源,入口初筛；逐主张待核对,编排完成；工件待制作,sequences/CS05.md
CS05-M04,4,CS05-M04-O01;CS05-M04-O02;CS05-M04-O03,有限集合 A/B 与箭头映射表,修改陪域和删去定义；区分逆函数与逆关系,S06,逻辑/证明/关系/计数/图课程范围；代数与格补源,入口初筛；逐主张待核对,编排完成；工件待制作,sequences/CS05.md
CS05-M05,5,CS05-M05-O01;CS05-M05-O02;CS05-M05-O03,整除关系及课程依赖边表,构造等价类与 Hasse 图；一般 DAG 不直接宣称为偏序关系,S06,逻辑/证明/关系/计数/图课程范围；代数与格补源,入口初筛；逐主张待核对,编排完成；工件待制作,sequences/CS05.md
CS05-M06,6,CS05-M06-O01;CS05-M06-O02;CS05-M06-O03,带重复字母的排列和禁止相邻的安排,用小规模枚举找重复计数；扩大参数后提交递推及边界,S06,逻辑/证明/关系/计数/图课程范围；代数与格补源,入口初筛；逐主张待核对,编排完成；工件待制作,sequences/CS05.md
CS05-M07,7,CS05-M07-O01;CS05-M07-O02;CS05-M07-O03,模 n 加法/乘法表，分别取 n=4、5,逐公理寻找反例；区分群的单运算与环/域的双运算,S06,逻辑/证明/关系/计数/图课程范围；代数与格补源,入口初筛；逐主张待核对,编排完成；工件待制作,sequences/CS05.md
CS05-M08,8,CS05-M08-O01;CS05-M08-O02;CS05-M08-O03,集合包含偏序与逻辑表达式,找上下界、确界及缺失确界的反例；化简等价不强求唯一形式,S06,逻辑/证明/关系/计数/图课程范围；代数与格补源,入口初筛；逐主张待核对,编排完成；工件待制作,sequences/CS05.md
CS05-M09,9,CS05-M09-O01;CS05-M09-O02;CS05-M09-O03,含桥、孤点与多回路的小图集合,分别检验 Euler/Hamilton 问题；给平面/着色主张提供相应证据,S06,逻辑/证明/关系/计数/图课程范围；代数与格补源,入口初筛；逐主张待核对,编排完成；工件待制作,sequences/CS05.md
CS05-M10,10,CS05-M10-O01;CS05-M10-O02;CS05-M10-O03,无向连通图及权限状态规则,删边/加边检查树性质；对不可达授权状态给路径或反证,S06,逻辑/证明/关系/计数/图课程范围；代数与格补源,入口初筛；逐主张待核对,编排完成；工件待制作,sequences/CS05.md
CS06-M01,1,CS06-M01-O01;CS06-M01-O02;CS06-M01-O03,8 位有符号/无符号编码卡片与符号扩展任务,最小值、最大值和跨宽度；区分位模式与解释方式,S07;S08,项目1–6与组成课程入口；浮点、流水线、缓存补核,入口初筛；逐主张待核对,编排完成；工件待制作,sequences/CS06.md
CS06-M02,2,CS06-M02-O01;CS06-M02-O02;CS06-M02-O03,明示位宽的 ALU 和教学浮点格式说明,舍入边界、零、溢出；教学格式与 IEEE 格式分别标注,S07;S08,项目1–6与组成课程入口；浮点、流水线、缓存补核,入口初筛；逐主张待核对,编排完成；工件待制作,sequences/CS06.md
CS06-M03,3,CS06-M03-O01;CS06-M03-O02;CS06-M03-O03,门电路半成品：全加器及多路选择器,注入一条错线；对有限输入穷举核对而非截图判定,S07;S08,项目1–6与组成课程入口；浮点、流水线、缓存补核,入口初筛；逐主张待核对,编排完成；工件待制作,sequences/CS06.md
CS06-M04,4,CS06-M04-O01;CS06-M04-O02;CS06-M04-O03,带复位/使能的计数器和有限状态机,复位与使能冲突；声明边沿规则并逐拍记录状态,S07;S08,项目1–6与组成课程入口；浮点、流水线、缓存补核,入口初筛；逐主张待核对,编排完成；工件待制作,sequences/CS06.md
CS06-M05,5,CS06-M05-O01;CS06-M05-O02;CS06-M05-O03,固定教学 ISA 的 opcode 表和表达式任务,改变寻址方式及分支条件；提交寄存器/内存变化,S07;S08,项目1–6与组成课程入口；浮点、流水线、缓存补核,入口初筛；逐主张待核对,编排完成；工件待制作,sequences/CS06.md
CS06-M06,6,CS06-M06-O01;CS06-M06-O02;CS06-M06-O03,教学处理器数据通路与未完成控制表,禁止同时冲突写入；每条指令从取指到提交记录,S07;S08,项目1–6与组成课程入口；浮点、流水线、缓存补核,入口初筛；逐主张待核对,编排完成；工件待制作,sequences/CS06.md
CS06-M07,7,CS06-M07-O01;CS06-M07-O02;CS06-M07-O03,含加载后使用与条件分支的指令串,开启/关闭转发，改变分支策略；终态和周期表都核验,S07;S08,项目1–6与组成课程入口；浮点、流水线、缓存补核,入口初筛；逐主张待核对,编排完成；工件待制作,sequences/CS06.md
CS06-M08,8,CS06-M08-O01;CS06-M08-O02;CS06-M08-O03,块大小/组数/路数明确的缓存与访存串,冷启动、冲突失效和脏块替换；虚拟地址另标转换层,S07;S08,项目1–6与组成课程入口；浮点、流水线、缓存补核,入口初筛；逐主张待核对,编排完成；工件待制作,sequences/CS06.md
CS06-M09,9,CS06-M09-O01;CS06-M09-O02;CS06-M09-O03,设备事件队列、轮询/中断/DMA 三种机制,改变 CPU 与设备速率；注明重叠假设再计算总耗时,S07;S08,项目1–6与组成课程入口；浮点、流水线、缓存补核,入口初筛；逐主张待核对,编排完成；工件待制作,sequences/CS06.md
CS07-M01,1,CS07-M01-O01;CS07-M01-O02;CS07-M01-O03,读文件程序及过滤后的系统调用记录,文件不存在/权限拒绝；学生区分记录事实与机制解释,S09,虚拟化/并发/持久化入口；具体章节及系统调用规范待读,入口初筛；逐主张待核对,编排完成；工件待制作,sequences/CS07.md
CS07-M02,2,CS07-M02-O01;CS07-M02-O02;CS07-M02-O03,父子进程管道和双线程共享计数骨架,提前关闭管道和异常退出；记录 join/wait 与清理,S09,虚拟化/并发/持久化入口；具体章节及系统调用规范待读,入口初筛；逐主张待核对,编排完成；工件待制作,sequences/CS07.md
CS07-M03,3,CS07-M03-O01;CS07-M03-O02;CS07-M03-O03,含到达时刻、运行时长的作业表,改变时间片和同到达次序；计算响应/等待/周转并核对,S09,虚拟化/并发/持久化入口；具体章节及系统调用规范待读,入口初筛；逐主张待核对,编排完成；工件待制作,sequences/CS07.md
CS07-M04,4,CS07-M04-O01;CS07-M04-O02;CS07-M04-O03,容量 2 的生产消费缓冲区与错误等待代码,受控线程交错、虚假唤醒情境及取消；安全与活性分开,S09,虚拟化/并发/持久化入口；具体章节及系统调用规范待读,入口初筛；逐主张待核对,编排完成；工件待制作,sequences/CS07.md
CS07-M05,5,CS07-M05-O01;CS07-M05-O02;CS07-M05-O03,三进程资源分配矩阵和等待边,不安全但未死锁实例；提交安全序列或无法找到的理由,S09,虚拟化/并发/持久化入口；具体章节及系统调用规范待读,入口初筛；逐主张待核对,编排完成；工件待制作,sequences/CS07.md
CS07-M06,6,CS07-M06-O01;CS07-M06-O02;CS07-M06-O03,页大小、页表、有效位与一串逻辑地址,跨页、非法页和边界地址；记录转换中间量,S09,虚拟化/并发/持久化入口；具体章节及系统调用规范待读,入口初筛；逐主张待核对,编排完成；工件待制作,sequences/CS07.md
CS07-M07,7,CS07-M07-O01;CS07-M07-O02;CS07-M07-O03,访问串 1/2/3/1/4/2 与明确初始页框,改变页框数及访问局部性；每次命中/缺页/淘汰均记录,S09,虚拟化/并发/持久化入口；具体章节及系统调用规范待读,入口初筛；逐主张待核对,编排完成；工件待制作,sequences/CS07.md
CS07-M08,8,CS07-M08-O01;CS07-M08-O02;CS07-M08-O03,隔离目录树、权限与磁盘请求队列,无权限读取和路径变更；真实文件行为与磁盘模型分开,S09,虚拟化/并发/持久化入口；具体章节及系统调用规范待读,入口初筛；逐主张待核对,编排完成；工件待制作,sequences/CS07.md
CS07-M09,9,CS07-M09-O01;CS07-M09-O02;CS07-M09-O03,作业观察器骨架及超时/内存超限任务,模拟观察器重启；保留退出原因和残留进程清理记录,S09,虚拟化/并发/持久化入口；具体章节及系统调用规范待读,入口初筛；逐主张待核对,编排完成；工件待制作,sequences/CS07.md
CS08-M01,1,CS08-M01-O01;CS08-M01-O02;CS08-M01-O03,两段链路的速率/距离/报文长度和封装图,改变瓶颈及报文数；区分串行化、传播与排队假设,S10;S11,网络章节目录及 TCP 规范；其他协议单独补标准,入口初筛；逐主张待核对,编排完成；工件待制作,sequences/CS08.md
CS08-M02,2,CS08-M02-O01;CS08-M02-O02;CS08-M02-O03,明确生成多项式的 CRC 模型与停止等待轨迹,位翻转、ACK 丢失；声明教学帧/重传规则再推演,S10;S11,网络章节目录及 TCP 规范；其他协议单独补标准,入口初筛；逐主张待核对,编排完成；工件待制作,sequences/CS08.md
CS08-M03,3,CS08-M03-O01;CS08-M03-O02;CS08-M03-O03,两网桥四主机的隔离 VLAN 拓扑,同 VLAN 互通、跨 VLAN 禁止；观察 MAC 表及广播范围,S10;S11,网络章节目录及 TCP 规范；其他协议单独补标准,入口初筛；逐主张待核对,编排完成；工件待制作,sequences/CS08.md
CS08-M04,4,CS08-M04-O01;CS08-M04-O02;CS08-M04-O03,两 IPv4 子网和独立 IPv6 小拓扑,错误掩码、重复地址和邻居发现；正反向验证,S10;S11,网络章节目录及 TCP 规范；其他协议单独补标准,入口初筛；逐主张待核对,编排完成；工件待制作,sequences/CS08.md
CS08-M05,5,CS08-M05-O01;CS08-M05-O02;CS08-M05-O03,三路由器 FRR 拓扑和缺失回程路由,断链后恢复；最长前缀、路由表与数据路径对应,S10;S11,网络章节目录及 TCP 规范；其他协议单独补标准,入口初筛；逐主张待核对,编排完成；工件待制作,sequences/CS08.md
CS08-M06,6,CS08-M06-O01;CS08-M06-O02;CS08-M06-O03,客户端/网关/服务端受限拓扑及 MTU 开关,DNS 正常但服务失败、过滤或 MTU 错；限定抓包接口,S10;S11,网络章节目录及 TCP 规范；其他协议单独补标准,入口初筛；逐主张待核对,编排完成；工件待制作,sequences/CS08.md
CS08-M07,7,CS08-M07-O01;CS08-M07-O02;CS08-M07-O03,本地 TCP/UDP 收发程序及受控时延丢包,重传、窗口及应用分帧；完整接收不能只看握手成功,S10;S11,网络章节目录及 TCP 规范；其他协议单独补标准,入口初筛；逐主张待核对,编排完成；工件待制作,sequences/CS08.md
CS08-M08,8,CS08-M08-O01;CS08-M08-O02;CS08-M08-O03,内网名称服务与 HTTPS 测试服务,错误解析、证书名不匹配、授权拒绝分开定位,S10;S11,网络章节目录及 TCP 规范；其他协议单独补标准,入口初筛；逐主张待核对,编排完成；工件待制作,sequences/CS08.md
CS08-M09,9,CS08-M09-O01;CS08-M09-O02;CS08-M09-O03,无线共享介质时序模型与认证加密案例,隐藏终端及重放情境；只对明示模型推演，不伪造无线实测,S10;S11,网络章节目录及 TCP 规范；其他协议单独补标准,入口初筛；逐主张待核对,编排完成；工件待制作,sequences/CS08.md
CS08-M10,10,CS08-M10-O01;CS08-M10-O02;CS08-M10-O03,包含地址/路由/DNS 三类可选缺陷的恢复包,抽取新故障组合；重建拓扑并提交诊断前后证据,S10;S11,网络章节目录及 TCP 规范；其他协议单独补标准,入口初筛；逐主张待核对,编排完成；工件待制作,sequences/CS08.md
CS09-M01,1,CS09-M01-O01;CS09-M01-O02;CS09-M01-O03,用户/订单微型数据，含重复和 NULL,对照关系代数与 SQL 多重集；结果顺序按题面声明,S12;S13,数据库课程入口与 PG18 目录；按 SQL/事务/角色正文补定位,入口初筛；逐主张待核对,编排完成；工件待制作,sequences/CS09.md
CS09-M02,2,CS09-M02-O01;CS09-M02-O02;CS09-M02-O03,图书/订单/库存业务规则及不完整 ER 图,多对多和删除约束；以违反规则的写入验证模式,S12;S13,数据库课程入口与 PG18 目录；按 SQL/事务/角色正文补定位,入口初筛；逐主张待核对,编排完成；工件待制作,sequences/CS09.md
CS09-M03,3,CS09-M03-O01;CS09-M03-O02;CS09-M03-O03,PG18 空 schema、CSV 数据和查询需求,重复主键、非法类型、空结果；保留执行状态与回滚,S12;S13,数据库课程入口与 PG18 目录；按 SQL/事务/角色正文补定位,入口初筛；逐主张待核对,编排完成；工件待制作,sequences/CS09.md
CS09-M04,4,CS09-M04-O01;CS09-M04-O02;CS09-M04-O03,含零订单用户、多订单及并列名次的数据,外连接过滤位置、COUNT 口径和窗口并列规则,S12;S13,数据库课程入口与 PG18 目录；按 SQL/事务/角色正文补定位,入口初筛；逐主张待核对,编排完成；工件待制作,sequences/CS09.md
CS09-M05,5,CS09-M05-O01;CS09-M05-O02;CS09-M05-O03,属性集及显式给定函数依赖集合,算闭包与候选键；分解的无损/依赖保持分别判断,S12;S13,数据库课程入口与 PG18 目录；按 SQL/事务/角色正文补定位,入口初筛；逐主张待核对,编排完成；工件待制作,sequences/CS09.md
CS09-M06,6,CS09-M06-O01;CS09-M06-O02;CS09-M06-O03,固定生成数据、统计信息与查询集合,比较加索引前后计划；保持结果一致并记录参数,S12;S13,数据库课程入口与 PG18 目录；按 SQL/事务/角色正文补定位,入口初筛；逐主张待核对,编排完成；工件待制作,sequences/CS09.md
CS09-M07,7,CS09-M07-O01;CS09-M07-O02;CS09-M07-O03,仅一件库存的双会话下单脚本和屏障,重复请求、锁冲突、事务失败；结果不得超卖,S12;S13,数据库课程入口与 PG18 目录；按 SQL/事务/角色正文补定位,入口初筛；逐主张待核对,编排完成；工件待制作,sequences/CS09.md
CS09-M08,8,CS09-M08-O01;CS09-M08-O02;CS09-M08-O03,简化 WAL 记录序列与独立备份恢复实例,提交前/后故障；模型恢复和实际 PG 恢复分两份证据,S12;S13,数据库课程入口与 PG18 目录；按 SQL/事务/角色正文补定位,入口初筛；逐主张待核对,编排完成；工件待制作,sequences/CS09.md
CS09-M09,9,CS09-M09-O01;CS09-M09-O02;CS09-M09-O03,只读/写入角色及参数化接口骨架,跨角色写入与含引号输入；必须在数据库/API 实测,S12;S13,数据库课程入口与 PG18 目录；按 SQL/事务/角色正文补定位,入口初筛；逐主张待核对,编排完成；工件待制作,sequences/CS09.md
CS09-M10,10,CS09-M10-O01;CS09-M10-O02;CS09-M10-O03,v1 订单库和新增库存预留需求,执行迁移和回滚；用模型比较复制/分片的故障边界,S12;S13,数据库课程入口与 PG18 目录；按 SQL/事务/角色正文补定位,入口初筛；逐主张待核对,编排完成；工件待制作,sequences/CS09.md
CS10-M01,1,CS10-M01-O01;CS10-M01-O02;CS10-M01-O03,教学任务提交服务的用户故事与预算限制,切分两轮交付，每轮写可观察验收；新增约束重新排序,S14,软件构造课程入口；需求/配置/运维仍需补源,入口初筛；逐主张待核对,编排完成；工件待制作,sequences/CS10.md
CS10-M02,2,CS10-M02-O01;CS10-M02-O02;CS10-M02-O03,学生/教师冲突诉求的访谈摘录,将“快速/方便”改成场景条件；记录冲突取舍及变更影响,S14,软件构造课程入口；需求/配置/运维仍需补源,入口初筛；逐主张待核对,编排完成；工件待制作,sequences/CS10.md
CS10-M03,3,CS10-M03-O01;CS10-M03-O02;CS10-M03-O03,草稿/已提交/退回状态及多角色交互,非法重复提交和迟到响应；领域/状态/时序保持一致,S14,软件构造课程入口；需求/配置/运维仍需补源,入口初筛；逐主张待核对,编排完成；工件待制作,sequences/CS10.md
CS10-M04,4,CS10-M04-O01;CS10-M04-O02;CS10-M04-O03,同步通知与队列通知两种方案、故障预算,给延迟/恢复/复杂度场景；用证据解释选择而非术语,S14,软件构造课程入口；需求/配置/运维仍需补源,入口初筛；逐主张待核对,编排完成；工件待制作,sequences/CS10.md
CS10-M05,5,CS10-M05-O01;CS10-M05-O02;CS10-M05-O03,提交任务接口、错误码及幂等约定,重复请求、版本冲突和依赖失败；客户端按契约处理,S14,软件构造课程入口；需求/配置/运维仍需补源,入口初筛；逐主张待核对,编排完成；工件待制作,sequences/CS10.md
CS10-M06,6,CS10-M06-O01;CS10-M06-O02;CS10-M06-O03,含权限遗漏/边界错/重复提交缺陷的项目,按需求选单元/集成/验收测试；证明能检出注入缺陷,S14,软件构造课程入口；需求/配置/运维仍需补源,入口初筛；逐主张待核对,编排完成；工件待制作,sequences/CS10.md
CS10-M07,7,CS10-M07-O01;CS10-M07-O02;CS10-M07-O03,同一接口的两条 Git 变更线与依赖锁文件,解决语义冲突；干净环境构建且保留评审差异,S14,软件构造课程入口；需求/配置/运维仍需补源,入口初筛；逐主张待核对,编排完成；工件待制作,sequences/CS10.md
CS10-M08,8,CS10-M08-O01;CS10-M08-O02;CS10-M08-O03,隔离服务 v1/v2、健康检查及错误配置,发布失败后回滚；核对版本、数据兼容和恢复时间,S14,软件构造课程入口；需求/配置/运维仍需补源,入口初筛；逐主张待核对,编排完成；工件待制作,sequences/CS10.md
CS10-M09,9,CS10-M09-O01;CS10-M09-O02;CS10-M09-O03,第一轮完整项目及新增助教角色需求,保持旧行为的重构，再交付新行为；更新需求到测试映射,S14,软件构造课程入口；需求/配置/运维仍需补源,入口初筛；逐主张待核对,编排完成；工件待制作,sequences/CS10.md
CS11-M01,1,CS11-M01-O01;CS11-M01-O02;CS11-M01-O03,整数/布尔值、变量、分支、循环的小语言规范草案,先冻结除法、溢出、作用域和求值顺序；错误按阶段分类,S15;S19,编译主题概览与实现语言目录；每阶段算法正文待读,入口初筛；逐主张待核对,编排完成；工件待制作,sequences/CS11.md
CS11-M02,2,CS11-M02-O01;CS11-M02-O02;CS11-M02-O03,关键字 if/标识符/运算符 token 规则,ifx、>=、非法字符和行列偏移；最长匹配规则明确,S15;S19,编译主题概览与实现语言目录；每阶段算法正文待读,入口初筛；逐主张待核对,编排完成；工件待制作,sequences/CS11.md
CS11-M03,3,CS11-M03-O01;CS11-M03-O02;CS11-M03-O03,表达式文法 E→E+E / E*E / id,对同一输入给不同树；加入优先级结合性后比较语义,S15;S19,编译主题概览与实现语言目录；每阶段算法正文待读,入口初筛；逐主张待核对,编排完成；工件待制作,sequences/CS11.md
CS11-M04,4,CS11-M04-O01;CS11-M04-O02;CS11-M04-O03,含可空产生式和左递归的小文法,计算 FIRST/FOLLOW 与预测表；不能静默忽略冲突,S15;S19,编译主题概览与实现语言目录；每阶段算法正文待读,入口初筛；逐主张待核对,编排完成；工件待制作,sequences/CS11.md
CS11-M05,5,CS11-M05-O01;CS11-M05-O02;CS11-M05-O03,给定小文法与输入串的 LR 分析骨架,生成项目集、移进/归约轨迹；识别冲突并说明文法类,S15;S19,编译主题概览与实现语言目录；每阶段算法正文待读,入口初筛；逐主张待核对,编排完成；工件待制作,sequences/CS11.md
CS11-M06,6,CS11-M06-O01;CS11-M06-O02;CS11-M06-O03,嵌套块 AST 与符号表骨架,遮蔽、未声明变量、类型不匹配；诊断位置也核对,S15;S19,编译主题概览与实现语言目录；每阶段算法正文待读,入口初筛；逐主张待核对,编排完成；工件待制作,sequences/CS11.md
CS11-M07,7,CS11-M07-O01;CS11-M07-O02;CS11-M07-O03,分支循环 AST 与三地址码解释器契约,短路求值和跳转目标变体；比较源程序/IR 执行,S15;S19,编译主题概览与实现语言目录；每阶段算法正文待读,入口初筛；逐主张待核对,编排完成；工件待制作,sequences/CS11.md
CS11-M08,8,CS11-M08-O01;CS11-M08-O02;CS11-M08-O03,含跨基本块赋值的 IR 和错误常量传播,分支合流、活跃变量和副作用；等价测试与一般条件分开,S15;S19,编译主题概览与实现语言目录；每阶段算法正文待读,入口初筛；逐主张待核对,编排完成；工件待制作,sequences/CS11.md
CS11-M09,9,CS11-M09-O01;CS11-M09-O02;CS11-M09-O03,固定栈机 ISA 与完整小语言程序集,改变嵌套深度和临时变量压力；源解释器/编译执行差分,S15;S19,编译主题概览与实现语言目录；每阶段算法正文待读,入口初筛；逐主张待核对,编排完成；工件待制作,sequences/CS11.md
CS12-M01,1,CS12-M01-O01;CS12-M01-O02;CS12-M01-O03,网格配送文字需求、障碍和目标点,改变动作成本与可观测性；显式状态/目标/评价标准,S16;S20,AI 教材目录；搜索/约束/推理/规划对应章节待读,入口初筛；逐主张待核对,编排完成；工件待制作,sequences/CS12.md
CS12-M02,2,CS12-M02-O01;CS12-M02-O02;CS12-M02-O03,带环且边代价不同的状态图,重复状态和更低代价路径；检查去重/更新策略,S16;S20,AI 教材目录；搜索/约束/推理/规划对应章节待读,入口初筛；逐主张待核对,编排完成；工件待制作,sequences/CS12.md
CS12-M03,3,CS12-M03-O01;CS12-M03-O02;CS12-M03-O03,小网格及两组候选启发函数,检验一致性边界和不可采纳反例；允许重开节点的规则明确,S16;S20,AI 教材目录；搜索/约束/推理/规划对应章节待读,入口初筛；逐主张待核对,编排完成；工件待制作,sequences/CS12.md
CS12-M04,4,CS12-M04-O01;CS12-M04-O02;CS12-M04-O03,小棋局树与山峰型目标函数,不同叶序的剪枝及随机重启；穷举小博弈核对价值,S16;S20,AI 教材目录；搜索/约束/推理/规划对应章节待读,入口初筛；逐主张待核对,编排完成；工件待制作,sequences/CS12.md
CS12-M05,5,CS12-M05-O01;CS12-M05-O02;CS12-M05-O03,教师/教室/时段约束表,增加冲突制造无解；保留传播删值及回溯轨迹,S16;S20,AI 教材目录；搜索/约束/推理/规划对应章节待读,入口初筛；逐主张待核对,编排完成；工件待制作,sequences/CS12.md
CS12-M06,6,CS12-M06-O01;CS12-M06-O02;CS12-M06-O03,事实和 Horn 规则集以及矛盾声明,新增事实观察推导链；有限命题模型与一般逻辑分开,S16;S20,AI 教材目录；搜索/约束/推理/规划对应章节待读,入口初筛；逐主张待核对,编排完成；工件待制作,sequences/CS12.md
CS12-M07,7,CS12-M07-O01;CS12-M07-O02;CS12-M07-O03,含三个变量的贝叶斯网络及完整概率表,改变观测；精确枚举、归一化与独立假设分别核对,S16;S20,AI 教材目录；搜索/约束/推理/规划对应章节待读,入口初筛；逐主张待核对,编排完成；工件待制作,sequences/CS12.md
CS12-M08,8,CS12-M08-O01;CS12-M08-O02;CS12-M08-O03,机器人动作前置/效果及奖励表,区分可执行计划、监督标签、强化学习奖励；增加失败动作,S16;S20,AI 教材目录；搜索/约束/推理/规划对应章节待读,入口初筛；逐主张待核对,编排完成；工件待制作,sequences/CS12.md
CS12-M09,9,CS12-M09-O01;CS12-M09-O02;CS12-M09-O03,带预算的配送规划器和不同任务分布,报告超限/失败/偏差；对模型建议用轨迹或约束再验证,S16;S20,AI 教材目录；搜索/约束/推理/规划对应章节待读,入口初筛；逐主张待核对,编排完成；工件待制作,sequences/CS12.md
CS13-M01,1,CS13-M01-O01;CS13-M01-O02;CS13-M01-O03,带来源说明的小型合成分类/回归数据,检查标签与使用范围；锁定基线指标，测试集不参与选择,S17;S18;S19,统计学习入口、泄漏正文与 Python 目录；逐算法补定位,入口初筛；逐主张待核对,编排完成；工件待制作,sequences/CS13.md
CS13-M02,2,CS13-M02-O01;CS13-M02-O02;CS13-M02-O03,带样本 ID 的缺失值/类别数据和泄漏流水线,划分前拟合错误与组/时间泄漏；保留每步 fit 的来源 ID,S17;S18;S19,统计学习入口、泄漏正文与 Python 目录；逐算法补定位,入口初筛；逐主张待核对,编排完成；工件待制作,sequences/CS13.md
CS13-M03,3,CS13-M03-O01;CS13-M03-O02;CS13-M03-O03,二维回归/分类数据及梯度骨架,有限差分梯度检查；改变正则强度并明示损失定义,S17;S18;S19,统计学习入口、泄漏正文与 Python 目录；逐算法补定位,入口初筛；逐主张待核对,编排完成；工件待制作,sequences/CS13.md
CS13-M04,4,CS13-M04-O01;CS13-M04-O02;CS13-M04-O03,可控噪声数据与学习率/容量配置,只用验证集选参数；记录欠拟合/过拟合判断依据,S17;S18;S19,统计学习入口、泄漏正文与 Python 目录；逐算法补定位,入口初筛；逐主张待核对,编排完成；工件待制作,sequences/CS13.md
CS13-M05,5,CS13-M05-O01;CS13-M05-O02;CS13-M05-O03,小树节点划分任务及集成训练脚本,改变树深度、抽样及 seed；比较泛化而非训练满分,S17;S18;S19,统计学习入口、泄漏正文与 Python 目录；逐算法补定位,入口初筛；逐主张待核对,编排完成；工件待制作,sequences/CS13.md
CS13-M06,6,CS13-M06-O01;CS13-M06-O02;CS13-M06-O03,量纲差异大的两特征数据,训练集拟合缩放；比较近邻和核方法的受控边界,S17;S18;S19,统计学习入口、泄漏正文与 Python 目录；逐算法补定位,入口初筛；逐主张待核对,编排完成；工件待制作,sequences/CS13.md
CS13-M07,7,CS13-M07-O01;CS13-M07-O02;CS13-M07-O03,含不同尺度簇的数据与 PCA 矩阵,簇标签置换、离群点；比较重构及解释限制,S17;S18;S19,统计学习入口、泄漏正文与 Python 目录；逐算法补定位,入口初筛；逐主张待核对,编排完成；工件待制作,sequences/CS13.md
CS13-M08,8,CS13-M08-O01;CS13-M08-O02;CS13-M08-O03,两层 CPU 网络及形状不匹配缺陷,梯度数值检查、溢出与随机初始化；预设数值容差,S17;S18;S19,统计学习入口、泄漏正文与 Python 目录；逐算法补定位,入口初筛；逐主张待核对,编排完成；工件待制作,sequences/CS13.md
CS13-M09,9,CS13-M09-O01;CS13-M09-O02;CS13-M09-O03,不平衡标签、概率分数及预测表,改变阈值；分层误差、指标和不确定性表述分别核验,S17;S18;S19,统计学习入口、泄漏正文与 Python 目录；逐算法补定位,入口初筛；逐主张待核对,编排完成；工件待制作,sequences/CS13.md
CS13-M10,10,CS13-M10-O01;CS13-M10-O02;CS13-M10-O03,锁定数据/依赖的训练流水线和预测接口,重跑、加载后预测、分布变化样例；保留失效边界,S17;S18;S19,统计学习入口、泄漏正文与 Python 目录；逐算法补定位,入口初筛；逐主张待核对,编排完成；工件待制作,sequences/CS13.md
