plan_objective_id,course_code,module,observable_goal,plan_ref,module_activity,check_plan,dependencies,content_state,activity_state,review_state,review_owner,acceptance_evidence
CS01-M01-O01,CS01,M01 程序与执行,编译并运行最小程序,CS01.md#2-模块目标与实践清单,修复一个无法编译及一个能编译但输出错误的程序,真实构建日志和输出；反例为返回码正常但输出错,B01;B02;B03;对应E适配器,原创任务已编写；主张初核；专业审校待完成,受限实践开放；固定条件可核验；解释及独立迁移待复核,待审校,未指定,units/CS01-M01.md；../TEST_REPORT_2026-10-10.md；CS01-core-practice-0.4.0；不代表目标或整课验收
CS01-M01-O02,CS01,M01 程序与执行,区分编译和运行错误,CS01.md#2-模块目标与实践清单,修复一个无法编译及一个能编译但输出错误的程序,真实构建日志和输出；反例为返回码正常但输出错,B01;B02;B03;对应E适配器,原创任务已编写；主张初核；专业审校待完成,受限实践开放；固定条件可核验；解释及独立迁移待复核,待审校,未指定,units/CS01-M01.md；../TEST_REPORT_2026-10-10.md；CS01-core-practice-0.4.0；不代表目标或整课验收
CS01-M01-O03,CS01,M01 程序与执行,定位输入输出与退出状态,CS01.md#2-模块目标与实践清单,修复一个无法编译及一个能编译但输出错误的程序,真实构建日志和输出；反例为返回码正常但输出错,B01;B02;B03;对应E适配器,原创任务已编写；主张初核；专业审校待完成,受限实践开放；固定条件可核验；解释及独立迁移待复核,待审校,未指定,units/CS01-M01.md；../TEST_REPORT_2026-10-10.md；CS01-core-practice-0.4.0；不代表目标或整课验收
CS01-M02-O01,CS01,M02 类型与表达式,推演整数和浮点表达式,CS01.md#2-模块目标与实践清单,修改温度和金额换算程序并设计边界输入,数值结果及允许误差；拒绝将 C 未定义行为当固定答案,B01;B02;B03;对应E适配器,原创任务已编写；主张初核；专业审校待完成,受限实践开放；固定条件可核验；解释及独立迁移待复核,待审校,未指定,units/CS01-M02.md；../TEST_REPORT_2026-10-10.md；CS01-core-practice-0.4.0；不代表目标或整课验收
CS01-M02-O02,CS01,M02 类型与表达式,选择变量类型,CS01.md#2-模块目标与实践清单,修改温度和金额换算程序并设计边界输入,数值结果及允许误差；拒绝将 C 未定义行为当固定答案,B01;B02;B03;对应E适配器,原创任务已编写；主张初核；专业审校待完成,受限实践开放；固定条件可核验；解释及独立迁移待复核,待审校,未指定,units/CS01-M02.md；../TEST_REPORT_2026-10-10.md；CS01-core-practice-0.4.0；不代表目标或整课验收
CS01-M02-O03,CS01,M02 类型与表达式,解释转换与溢出边界,CS01.md#2-模块目标与实践清单,修改温度和金额换算程序并设计边界输入,数值结果及允许误差；拒绝将 C 未定义行为当固定答案,B01;B02;B03;对应E适配器,原创任务已编写；主张初核；专业审校待完成,受限实践开放；固定条件可核验；解释及独立迁移待复核,待审校,未指定,units/CS01-M02.md；../TEST_REPORT_2026-10-10.md；CS01-core-practice-0.4.0；不代表目标或整课验收
CS01-M03-O01,CS01,M03 分支与逻辑,构造互斥和重叠条件,CS01.md#2-模块目标与实践清单,完成分段计费并修复边界条件,检查阈值两侧及等值；错误样例漏掉等于,B01;B02;B03;对应E适配器,原创任务已编写；主张初核；专业审校待完成,受限实践开放；固定条件可核验；解释及独立迁移待复核,待审校,未指定,units/CS01-M03-M04.md；../TEST_REPORT_2026-10-10.md；CS01-core-practice-0.4.0；不代表目标或整课验收
CS01-M03-O02,CS01,M03 分支与逻辑,实现多分支判断,CS01.md#2-模块目标与实践清单,完成分段计费并修复边界条件,检查阈值两侧及等值；错误样例漏掉等于,B01;B02;B03;对应E适配器,原创任务已编写；主张初核；专业审校待完成,受限实践开放；固定条件可核验；解释及独立迁移待复核,待审校,未指定,units/CS01-M03-M04.md；../TEST_REPORT_2026-10-10.md；CS01-core-practice-0.4.0；不代表目标或整课验收
CS01-M03-O03,CS01,M03 分支与逻辑,用反例定位条件缺口,CS01.md#2-模块目标与实践清单,完成分段计费并修复边界条件,检查阈值两侧及等值；错误样例漏掉等于,B01;B02;B03;对应E适配器,原创任务已编写；主张初核；专业审校待完成,受限实践开放；固定条件可核验；解释及独立迁移待复核,待审校,未指定,units/CS01-M03-M04.md；../TEST_REPORT_2026-10-10.md；CS01-core-practice-0.4.0；不代表目标或整课验收
CS01-M04-O01,CS01,M04 循环与不变量,记录循环变量轨迹,CS01.md#2-模块目标与实践清单,实现统计及查找并修复死循环,逐步状态、结果及超时；反例为 off-by-one,B01;B02;B03;对应E适配器,原创任务已编写；主张初核；专业审校待完成,受限实践开放；固定条件可核验；解释及独立迁移待复核,待审校,未指定,units/CS01-M03-M04.md；../TEST_REPORT_2026-10-10.md；CS01-core-practice-0.4.0；不代表目标或整课验收
CS01-M04-O02,CS01,M04 循环与不变量,构造终止条件,CS01.md#2-模块目标与实践清单,实现统计及查找并修复死循环,逐步状态、结果及超时；反例为 off-by-one,B01;B02;B03;对应E适配器,原创任务已编写；主张初核；专业审校待完成,受限实践开放；固定条件可核验；解释及独立迁移待复核,待审校,未指定,units/CS01-M03-M04.md；../TEST_REPORT_2026-10-10.md；CS01-core-practice-0.4.0；不代表目标或整课验收
CS01-M04-O03,CS01,M04 循环与不变量,解释累计值不变量,CS01.md#2-模块目标与实践清单,实现统计及查找并修复死循环,逐步状态、结果及超时；反例为 off-by-one,B01;B02;B03;对应E适配器,原创任务已编写；主张初核；专业审校待完成,受限实践开放；固定条件可核验；解释及独立迁移待复核,待审校,未指定,units/CS01-M03-M04.md；../TEST_REPORT_2026-10-10.md；CS01-core-practice-0.4.0；不代表目标或整课验收
CS01-M05-O01,CS01,M05 函数与作用域,拆分参数和返回值,CS01.md#2-模块目标与实践清单,将重复逻辑提取为函数并推演递归,多输入调用及栈轨迹；反例为错误基例,B01;B02;B03;对应E适配器,原创任务已编写；主张初核；专业审校待完成,受限实践开放；固定条件可核验；解释及独立迁移待复核,待审校,未指定,units/CS01-M05.md；../TEST_REPORT_2026-10-10.md；CS01-core-practice-0.5.0；不代表目标或整课验收
CS01-M05-O02,CS01,M05 函数与作用域,追踪局部变量生命周期,CS01.md#2-模块目标与实践清单,将重复逻辑提取为函数并推演递归,多输入调用及栈轨迹；反例为错误基例,B01;B02;B03;对应E适配器,原创任务已编写；主张初核；专业审校待完成,受限实践开放；固定条件可核验；解释及独立迁移待复核,待审校,未指定,units/CS01-M05.md；../TEST_REPORT_2026-10-10.md；CS01-core-practice-0.5.0；不代表目标或整课验收
CS01-M05-O03,CS01,M05 函数与作用域,实现递归及终止条件,CS01.md#2-模块目标与实践清单,将重复逻辑提取为函数并推演递归,多输入调用及栈轨迹；反例为错误基例,B01;B02;B03;对应E适配器,原创任务已编写；主张初核；专业审校待完成,受限实践开放；固定条件可核验；解释及独立迁移待复核,待审校,未指定,units/CS01-M05.md；../TEST_REPORT_2026-10-10.md；CS01-core-practice-0.5.0；不代表目标或整课验收
CS01-M06-O01,CS01,M06 数组与字符串,实现数组遍历和更新,CS01.md#2-模块目标与实践清单,编写文本统计与数组插入,边界测试和受控内存诊断；反例为越界和漏终止符,B01;B02;B03;对应E适配器,待编写,待建设,待审校,未指定,
CS01-M06-O02,CS01,M06 数组与字符串,处理字符串终止,CS01.md#2-模块目标与实践清单,编写文本统计与数组插入,边界测试和受控内存诊断；反例为越界和漏终止符,B01;B02;B03;对应E适配器,待编写,待建设,待审校,未指定,
CS01-M06-O03,CS01,M06 数组与字符串,检查下标边界,CS01.md#2-模块目标与实践清单,编写文本统计与数组插入,边界测试和受控内存诊断；反例为越界和漏终止符,B01;B02;B03;对应E适配器,待编写,待建设,待审校,未指定,
CS01-M07-O01,CS01,M07 指针与内存,追踪地址与解引用,CS01.md#2-模块目标与实践清单,修复动态数组扩容并画出所有权变化,工具诊断加作品审阅；无崩溃不能证明内存安全,B01;B02;B03;对应E适配器,待编写,待建设,待审校,未指定,
CS01-M07-O02,CS01,M07 指针与内存,实现动态分配和释放,CS01.md#2-模块目标与实践清单,修复动态数组扩容并画出所有权变化,工具诊断加作品审阅；无崩溃不能证明内存安全,B01;B02;B03;对应E适配器,待编写,待建设,待审校,未指定,
CS01-M07-O03,CS01,M07 指针与内存,识别悬空指针与别名,CS01.md#2-模块目标与实践清单,修复动态数组扩容并画出所有权变化,工具诊断加作品审阅；无崩溃不能证明内存安全,B01;B02;B03;对应E适配器,待编写,待建设,待审校,未指定,
CS01-M08-O01,CS01,M08 结构体与模块,定义复合数据,CS01.md#2-模块目标与实践清单,将记录器拆成存储和显示模块,真实多文件编译与接口测试；反例为共享状态被误改,B01;B02;B03;对应E适配器,待编写,待建设,待审校,未指定,
CS01-M08-O02,CS01,M08 结构体与模块,组织头文件和多文件接口,CS01.md#2-模块目标与实践清单,将记录器拆成存储和显示模块,真实多文件编译与接口测试；反例为共享状态被误改,B01;B02;B03;对应E适配器,待编写,待建设,待审校,未指定,
CS01-M08-O03,CS01,M08 结构体与模块,维护对象约束,CS01.md#2-模块目标与实践清单,将记录器拆成存储和显示模块,真实多文件编译与接口测试；反例为共享状态被误改,B01;B02;B03;对应E适配器,待编写,待建设,待审校,未指定,
CS01-M09-O01,CS01,M09 文件与错误处理,读写结构化记录,CS01.md#2-模块目标与实践清单,实现保存和重载并注入损坏行,重启后结果及错误分支；反例为部分写入覆盖好数据,B01;B02;B03;对应E适配器,待编写,待建设,待审校,未指定,
CS01-M09-O02,CS01,M09 文件与错误处理,处理打开及解析失败,CS01.md#2-模块目标与实践清单,实现保存和重载并注入损坏行,重启后结果及错误分支；反例为部分写入覆盖好数据,B01;B02;B03;对应E适配器,待编写,待建设,待审校,未指定,
CS01-M09-O03,CS01,M09 文件与错误处理,保证失败后的数据一致性,CS01.md#2-模块目标与实践清单,实现保存和重载并注入损坏行,重启后结果及错误分支；反例为部分写入覆盖好数据,B01;B02;B03;对应E适配器,待编写,待建设,待审校,未指定,
CS01-M10-O01,CS01,M10 测试与调试,构造边界测试,CS01.md#2-模块目标与实践清单,修复带缺陷的记录器并提交测试集,缺陷注入后的测试检出；仅展示正常演示不通过,B01;B02;B03;对应E适配器,待编写,待建设,待审校,未指定,
CS01-M10-O02,CS01,M10 测试与调试,用最小反例定位故障,CS01.md#2-模块目标与实践清单,修复带缺陷的记录器并提交测试集,缺陷注入后的测试检出；仅展示正常演示不通过,B01;B02;B03;对应E适配器,待编写,待建设,待审校,未指定,
CS01-M10-O03,CS01,M10 测试与调试,解释修复及回归范围,CS01.md#2-模块目标与实践清单,修复带缺陷的记录器并提交测试集,缺陷注入后的测试检出；仅展示正常演示不通过,B01;B02;B03;对应E适配器,待编写,待建设,待审校,未指定,
CS02-M01-O01,CS02,M01 对象与封装,区分对象和类,CS02.md#2-模块目标与实践清单,实现不可出现负库存的图书对象,构造及状态变更测试；反例为公开字段绕过约束,B01;B02;B03;对应E适配器,待编写,待建设,待审校,未指定,
CS02-M01-O02,CS02,M01 对象与封装,设计可见性,CS02.md#2-模块目标与实践清单,实现不可出现负库存的图书对象,构造及状态变更测试；反例为公开字段绕过约束,B01;B02;B03;对应E适配器,待编写,待建设,待审校,未指定,
CS02-M01-O03,CS02,M01 对象与封装,维持构造与状态不变量,CS02.md#2-模块目标与实践清单,实现不可出现负库存的图书对象,构造及状态变更测试；反例为公开字段绕过约束,B01;B02;B03;对应E适配器,待编写,待建设,待审校,未指定,
CS02-M02-O01,CS02,M02 组合与职责,分配对象职责,CS02.md#2-模块目标与实践清单,拆解过度集中的借阅管理类,接口行为和依赖图审阅；类变多不自动代表设计更好,B01;B02;B03;对应E适配器,待编写,待建设,待审校,未指定,
CS02-M02-O02,CS02,M02 组合与职责,表达组合关系,CS02.md#2-模块目标与实践清单,拆解过度集中的借阅管理类,接口行为和依赖图审阅；类变多不自动代表设计更好,B01;B02;B03;对应E适配器,待编写,待建设,待审校,未指定,
CS02-M02-O03,CS02,M02 组合与职责,隔离存储和业务接口,CS02.md#2-模块目标与实践清单,拆解过度集中的借阅管理类,接口行为和依赖图审阅；类变多不自动代表设计更好,B01;B02;B03;对应E适配器,待编写,待建设,待审校,未指定,
CS02-M03-O01,CS02,M03 继承与多态,实现接口调用,CS02.md#2-模块目标与实践清单,扩展借阅政策并暴露错误覆盖方法,经父类型运行行为测试；反例为子类破坏前置条件,B01;B02;B03;对应E适配器,待编写,待建设,待审校,未指定,
CS02-M03-O02,CS02,M03 继承与多态,判断替换是否保持契约,CS02.md#2-模块目标与实践清单,扩展借阅政策并暴露错误覆盖方法,经父类型运行行为测试；反例为子类破坏前置条件,B01;B02;B03;对应E适配器,待编写,待建设,待审校,未指定,
CS02-M03-O03,CS02,M03 继承与多态,比较组合和继承,CS02.md#2-模块目标与实践清单,扩展借阅政策并暴露错误覆盖方法,经父类型运行行为测试；反例为子类破坏前置条件,B01;B02;B03;对应E适配器,待编写,待建设,待审校,未指定,
CS02-M04-O01,CS02,M04 泛型与集合,使用类型安全容器,CS02.md#2-模块目标与实践清单,维护去重索引和排序列表,重复对象、哈希冲突和顺序测试；不按类名判定,B01;B02;B03;对应E适配器,待编写,待建设,待审校,未指定,
CS02-M04-O02,CS02,M04 泛型与集合,选择集合语义,CS02.md#2-模块目标与实践清单,维护去重索引和排序列表,重复对象、哈希冲突和顺序测试；不按类名判定,B01;B02;B03;对应E适配器,待编写,待建设,待审校,未指定,
CS02-M04-O03,CS02,M04 泛型与集合,实现相等与哈希契约,CS02.md#2-模块目标与实践清单,维护去重索引和排序列表,重复对象、哈希冲突和顺序测试；不按类名判定,B01;B02;B03;对应E适配器,待编写,待建设,待审校,未指定,
CS02-M05-O01,CS02,M05 异常与资源,定义异常传播边界,CS02.md#2-模块目标与实践清单,向持久化操作注入异常,资源与一致性断言；反例为 catch 后静默成功,B01;B02;B03;对应E适配器,待编写,待建设,待审校,未指定,
CS02-M05-O02,CS02,M05 异常与资源,保证失败后对象状态,CS02.md#2-模块目标与实践清单,向持久化操作注入异常,资源与一致性断言；反例为 catch 后静默成功,B01;B02;B03;对应E适配器,待编写,待建设,待审校,未指定,
CS02-M05-O03,CS02,M05 异常与资源,关闭文件及外部资源,CS02.md#2-模块目标与实践清单,向持久化操作注入异常,资源与一致性断言；反例为 catch 后静默成功,B01;B02;B03;对应E适配器,待编写,待建设,待审校,未指定,
CS02-M06-O01,CS02,M06 对象关系与模式,表达关联及生命周期,CS02.md#2-模块目标与实践清单,增加通知方式而保持核心行为,替代实现及设计说明；不靠出现模式术语评分,B01;B02;B03;对应E适配器,待编写,待建设,待审校,未指定,
CS02-M06-O02,CS02,M06 对象关系与模式,应用策略或观察者解决实际变化,CS02.md#2-模块目标与实践清单,增加通知方式而保持核心行为,替代实现及设计说明；不靠出现模式术语评分,B01;B02;B03;对应E适配器,待编写,待建设,待审校,未指定,
CS02-M06-O03,CS02,M06 对象关系与模式,解释模式取舍,CS02.md#2-模块目标与实践清单,增加通知方式而保持核心行为,替代实现及设计说明；不靠出现模式术语评分,B01;B02;B03;对应E适配器,待编写,待建设,待审校,未指定,
CS02-M07-O01,CS02,M07 持久化与测试,转换对象与记录,CS02.md#2-模块目标与实践清单,加载不完整记录并测试存储替身,模式兼容与真实文件往返；模拟通过不等于集成通过,B01;B02;B03;对应E适配器,待编写,待建设,待审校,未指定,
CS02-M07-O02,CS02,M07 持久化与测试,设计可替换依赖,CS02.md#2-模块目标与实践清单,加载不完整记录并测试存储替身,模式兼容与真实文件往返；模拟通过不等于集成通过,B01;B02;B03;对应E适配器,待编写,待建设,待审校,未指定,
CS02-M07-O03,CS02,M07 持久化与测试,编写单元及集成测试,CS02.md#2-模块目标与实践清单,加载不完整记录并测试存储替身,模式兼容与真实文件往返；模拟通过不等于集成通过,B01;B02;B03;对应E适配器,待编写,待建设,待审校,未指定,
CS02-M08-O01,CS02,M08 综合演进,分析变更影响,CS02.md#2-模块目标与实践清单,连续两轮扩展借阅项目,回归、对象图及评审；硬编码新角色是错误样例,B01;B02;B03;对应E适配器,待编写,待建设,待审校,未指定,
CS02-M08-O02,CS02,M08 综合演进,重构并保持行为,CS02.md#2-模块目标与实践清单,连续两轮扩展借阅项目,回归、对象图及评审；硬编码新角色是错误样例,B01;B02;B03;对应E适配器,待编写,待建设,待审校,未指定,
CS02-M08-O03,CS02,M08 综合演进,复核设计约束,CS02.md#2-模块目标与实践清单,连续两轮扩展借阅项目,回归、对象图及评审；硬编码新角色是错误样例,B01;B02;B03;对应E适配器,待编写,待建设,待审校,未指定,
CS03-M01-O01,CS03,M01 抽象类型与复杂度,描述抽象操作契约,CS03.md#2-模块目标与实践清单,为同一集合实现两种表示并比较代价,契约测试及计数表；运行时间不是复杂度证明,B01;B02;B03;对应E适配器,待编写,待建设,待审校,未指定,
CS03-M01-O02,CS03,M01 抽象类型与复杂度,区分逻辑与存储结构,CS03.md#2-模块目标与实践清单,为同一集合实现两种表示并比较代价,契约测试及计数表；运行时间不是复杂度证明,B01;B02;B03;对应E适配器,待编写,待建设,待审校,未指定,
CS03-M01-O03,CS03,M01 抽象类型与复杂度,计数基本操作,CS03.md#2-模块目标与实践清单,为同一集合实现两种表示并比较代价,契约测试及计数表；运行时间不是复杂度证明,B01;B02;B03;对应E适配器,待编写,待建设,待审校,未指定,
CS03-M02-O01,CS03,M02 线性表,实现顺序表插删,CS03.md#2-模块目标与实践清单,在两种表示间实现相同操作序列,状态与行为比对；反例为空表、首尾与丢链,B01;B02;B03;对应E适配器,待编写,待建设,待审校,未指定,
CS03-M02-O02,CS03,M02 线性表,实现单链表操作,CS03.md#2-模块目标与实践清单,在两种表示间实现相同操作序列,状态与行为比对；反例为空表、首尾与丢链,B01;B02;B03;对应E适配器,待编写,待建设,待审校,未指定,
CS03-M02-O03,CS03,M02 线性表,处理循环和双向链接,CS03.md#2-模块目标与实践清单,在两种表示间实现相同操作序列,状态与行为比对；反例为空表、首尾与丢链,B01;B02;B03;对应E适配器,待编写,待建设,待审校,未指定,
CS03-M03-O01,CS03,M03 栈与队列,推演栈状态和边界,CS03.md#2-模块目标与实践清单,提交轨迹后编码并换输入核验,栈队列行为、空满及解释分开；迁移不能照抄示例,B01;B02;B03;对应E适配器,待编写,待建设,待审校,未指定,
CS03-M03-O02,CS03,M03 栈与队列,实现循环及链式队列,CS03.md#2-模块目标与实践清单,提交轨迹后编码并换输入核验,栈队列行为、空满及解释分开；迁移不能照抄示例,B01;B02;B03;对应E适配器,待编写,待建设,待审校,未指定,
CS03-M03-O03,CS03,M03 栈与队列,用栈解决括号匹配,CS03.md#2-模块目标与实践清单,提交轨迹后编码并换输入核验,栈队列行为、空满及解释分开；迁移不能照抄示例,B01;B02;B03;对应E适配器,待编写,待建设,待审校,未指定,
CS03-M04-O01,CS03,M04 串与特殊存储,实现字符串匹配,CS03.md#2-模块目标与实践清单,比较朴素匹配与 KMP 并压缩稀疏数据,重复模式、索引和存储还原；反例为前缀回退错,B01;B02;B03;对应E适配器,待编写,待建设,待审校,未指定,
CS03-M04-O02,CS03,M04 串与特殊存储,推导 KMP 前缀信息,CS03.md#2-模块目标与实践清单,比较朴素匹配与 KMP 并压缩稀疏数据,重复模式、索引和存储还原；反例为前缀回退错,B01;B02;B03;对应E适配器,待编写,待建设,待审校,未指定,
CS03-M04-O03,CS03,M04 串与特殊存储,表示稀疏矩阵和广义表,CS03.md#2-模块目标与实践清单,比较朴素匹配与 KMP 并压缩稀疏数据,重复模式、索引和存储还原；反例为前缀回退错,B01;B02;B03;对应E适配器,待编写,待建设,待审校,未指定,
CS03-M05-O01,CS03,M05 树与二叉树,转换树的表示,CS03.md#2-模块目标与实践清单,从约束重建树并输出遍历与编码,结构合法性和码长；接受等价的非唯一编码,B01;B02;B03;对应E适配器,待编写,待建设,待审校,未指定,
CS03-M05-O02,CS03,M05 树与二叉树,实现递归及迭代遍历,CS03.md#2-模块目标与实践清单,从约束重建树并输出遍历与编码,结构合法性和码长；接受等价的非唯一编码,B01;B02;B03;对应E适配器,待编写,待建设,待审校,未指定,
CS03-M05-O03,CS03,M05 树与二叉树,构建 Huffman 编码,CS03.md#2-模块目标与实践清单,从约束重建树并输出遍历与编码,结构合法性和码长；接受等价的非唯一编码,B01;B02;B03;对应E适配器,待编写,待建设,待审校,未指定,
CS03-M06-O01,CS03,M06 查找树,实现二叉搜索树,CS03.md#2-模块目标与实践清单,修复一次删除或旋转造成的结构错误,有序性、平衡和路径；仅查找成功不足以通过,B01;B02;B03;对应E适配器,待编写,待建设,待审校,未指定,
CS03-M06-O02,CS03,M06 查找树,维护平衡约束,CS03.md#2-模块目标与实践清单,修复一次删除或旋转造成的结构错误,有序性、平衡和路径；仅查找成功不足以通过,B01;B02;B03;对应E适配器,待编写,待建设,待审校,未指定,
CS03-M06-O03,CS03,M06 查找树,解释 B/B+ 树查找与更新,CS03.md#2-模块目标与实践清单,修复一次删除或旋转造成的结构错误,有序性、平衡和路径；仅查找成功不足以通过,B01;B02;B03;对应E适配器,待编写,待建设,待审校,未指定,
CS03-M07-O01,CS03,M07 图与遍历,建立邻接表示,CS03.md#2-模块目标与实践清单,在断开图上搜索并标出访问过程,轨迹允许合法顺序差异；反例为漏访问分量,B01;B02;B03;对应E适配器,待编写,待建设,待审校,未指定,
CS03-M07-O02,CS03,M07 图与遍历,实现 DFS/BFS,CS03.md#2-模块目标与实践清单,在断开图上搜索并标出访问过程,轨迹允许合法顺序差异；反例为漏访问分量,B01;B02;B03;对应E适配器,待编写,待建设,待审校,未指定,
CS03-M07-O03,CS03,M07 图与遍历,分析连通及生成树,CS03.md#2-模块目标与实践清单,在断开图上搜索并标出访问过程,轨迹允许合法顺序差异；反例为漏访问分量,B01;B02;B03;对应E适配器,待编写,待建设,待审校,未指定,
CS03-M08-O01,CS03,M08 图的应用,实现最短路,CS03.md#2-模块目标与实践清单,给课程依赖排程并解释不可行情况,路径成本和偏序；负权、环作为条件反例,B01;B02;B03;对应E适配器,待编写,待建设,待审校,未指定,
CS03-M08-O02,CS03,M08 图的应用,完成拓扑排序,CS03.md#2-模块目标与实践清单,给课程依赖排程并解释不可行情况,路径成本和偏序；负权、环作为条件反例,B01;B02;B03;对应E适配器,待编写,待建设,待审校,未指定,
CS03-M08-O03,CS03,M08 图的应用,处理关键路径与适用前提,CS03.md#2-模块目标与实践清单,给课程依赖排程并解释不可行情况,路径成本和偏序；负权、环作为条件反例,B01;B02;B03;对应E适配器,待编写,待建设,待审校,未指定,
CS03-M09-O01,CS03,M09 散列与索引,实现散列查找,CS03.md#2-模块目标与实践清单,修复删除后查找中断的散列表,碰撞与墓碑测试；不能只测无冲突键,B01;B02;B03;对应E适配器,待编写,待建设,待审校,未指定,
CS03-M09-O02,CS03,M09 散列与索引,处理冲突和删除,CS03.md#2-模块目标与实践清单,修复删除后查找中断的散列表,碰撞与墓碑测试；不能只测无冲突键,B01;B02;B03;对应E适配器,待编写,待建设,待审校,未指定,
CS03-M09-O03,CS03,M09 散列与索引,分析装载率影响,CS03.md#2-模块目标与实践清单,修复删除后查找中断的散列表,碰撞与墓碑测试；不能只测无冲突键,B01;B02;B03;对应E适配器,待编写,待建设,待审校,未指定,
CS03-M10-O01,CS03,M10 排序与综合选型,实现内部排序,CS03.md#2-模块目标与实践清单,按内存限制完成排序和目录查询,随机及反序输入、稳定性标签；外排使用受限内存工件,B01;B02;B03;对应E适配器,待编写,待建设,待审校,未指定,
CS03-M10-O02,CS03,M10 排序与综合选型,比较稳定性和复杂度,CS03.md#2-模块目标与实践清单,按内存限制完成排序和目录查询,随机及反序输入、稳定性标签；外排使用受限内存工件,B01;B02;B03;对应E适配器,待编写,待建设,待审校,未指定,
CS03-M10-O03,CS03,M10 排序与综合选型,解释外部排序及结构选型,CS03.md#2-模块目标与实践清单,按内存限制完成排序和目录查询,随机及反序输入、稳定性标签；外排使用受限内存工件,B01;B02;B03;对应E适配器,待编写,待建设,待审校,未指定,
CS04-M01-O01,CS04,M01 正确性与代价,陈述输入输出契约,CS04.md#2-模块目标与实践清单,分析一个有边界缺陷的查找算法,反例运行与论证分别核对；耗时不能替代理由,B01;B02;B03;对应E适配器,待编写,待建设,待审校,未指定,
CS04-M01-O02,CS04,M01 正确性与代价,使用不变量论证,CS04.md#2-模块目标与实践清单,分析一个有边界缺陷的查找算法,反例运行与论证分别核对；耗时不能替代理由,B01;B02;B03;对应E适配器,待编写,待建设,待审校,未指定,
CS04-M01-O03,CS04,M01 正确性与代价,推导渐近复杂度,CS04.md#2-模块目标与实践清单,分析一个有边界缺陷的查找算法,反例运行与论证分别核对；耗时不能替代理由,B01;B02;B03;对应E适配器,待编写,待建设,待审校,未指定,
CS04-M02-O01,CS04,M02 递推与分治,写出递推关系,CS04.md#2-模块目标与实践清单,实现归并及选择问题,小规模枚举与复杂度审阅；反例为不均衡划分遗漏,B01;B02;B03;对应E适配器,待编写,待建设,待审校,未指定,
CS04-M02-O02,CS04,M02 递推与分治,实现分解和合并,CS04.md#2-模块目标与实践清单,实现归并及选择问题,小规模枚举与复杂度审阅；反例为不均衡划分遗漏,B01;B02;B03;对应E适配器,待编写,待建设,待审校,未指定,
CS04-M02-O03,CS04,M02 递推与分治,比较递推求解方法,CS04.md#2-模块目标与实践清单,实现归并及选择问题,小规模枚举与复杂度审阅；反例为不均衡划分遗漏,B01;B02;B03;对应E适配器,待编写,待建设,待审校,未指定,
CS04-M03-O01,CS04,M03 贪心,识别局部选择,CS04.md#2-模块目标与实践清单,实现区间选择并比较错误策略,枚举最优解加证明审阅；不能只凭样例认定最优,B01;B02;B03;对应E适配器,待编写,待建设,待审校,未指定,
CS04-M03-O02,CS04,M03 贪心,构造交换论证,CS04.md#2-模块目标与实践清单,实现区间选择并比较错误策略,枚举最优解加证明审阅；不能只凭样例认定最优,B01;B02;B03;对应E适配器,待编写,待建设,待审校,未指定,
CS04-M03-O03,CS04,M03 贪心,寻找贪心失败反例,CS04.md#2-模块目标与实践清单,实现区间选择并比较错误策略,枚举最优解加证明审阅；不能只凭样例认定最优,B01;B02;B03;对应E适配器,待编写,待建设,待审校,未指定,
CS04-M04-O01,CS04,M04 动态规划,定义状态含义,CS04.md#2-模块目标与实践清单,完成背包或序列问题并压缩空间,穷举小实例和回溯方案；反例为状态混用,B01;B02;B03;对应E适配器,待编写,待建设,待审校,未指定,
CS04-M04-O02,CS04,M04 动态规划,推导转移及边界,CS04.md#2-模块目标与实践清单,完成背包或序列问题并压缩空间,穷举小实例和回溯方案；反例为状态混用,B01;B02;B03;对应E适配器,待编写,待建设,待审校,未指定,
CS04-M04-O03,CS04,M04 动态规划,恢复最优方案,CS04.md#2-模块目标与实践清单,完成背包或序列问题并压缩空间,穷举小实例和回溯方案；反例为状态混用,B01;B02;B03;对应E适配器,待编写,待建设,待审校,未指定,
CS04-M05-O01,CS04,M05 搜索与剪枝,构造状态空间,CS04.md#2-模块目标与实践清单,求解约束放置问题,全部小解集及节点轨迹；反例为过度剪枝,B01;B02;B03;对应E适配器,待编写,待建设,待审校,未指定,
CS04-M05-O02,CS04,M05 搜索与剪枝,实现回溯与分支限界,CS04.md#2-模块目标与实践清单,求解约束放置问题,全部小解集及节点轨迹；反例为过度剪枝,B01;B02;B03;对应E适配器,待编写,待建设,待审校,未指定,
CS04-M05-O03,CS04,M05 搜索与剪枝,证明剪枝不丢合法解,CS04.md#2-模块目标与实践清单,求解约束放置问题,全部小解集及节点轨迹；反例为过度剪枝,B01;B02;B03;对应E适配器,待编写,待建设,待审校,未指定,
CS04-M06-O01,CS04,M06 图算法,选择最短路前提,CS04.md#2-模块目标与实践清单,在小图上比较算法及反例,枚举或参考规则；接受同权不同最优结构,B01;B02;B03;对应E适配器,待编写,待建设,待审校,未指定,
CS04-M06-O02,CS04,M06 图算法,求最小生成树,CS04.md#2-模块目标与实践清单,在小图上比较算法及反例,枚举或参考规则；接受同权不同最优结构,B01;B02;B03;对应E适配器,待编写,待建设,待审校,未指定,
CS04-M06-O03,CS04,M06 图算法,推演网络流增广,CS04.md#2-模块目标与实践清单,在小图上比较算法及反例,枚举或参考规则；接受同权不同最优结构,B01;B02;B03;对应E适配器,待编写,待建设,待审校,未指定,
CS04-M07-O01,CS04,M07 随机与摊还,区分期望和最坏代价,CS04.md#2-模块目标与实践清单,分析动态数组并运行随机化选择,seed 与计数分布；单次快运行不构成证明,B01;B02;B03;对应E适配器,待编写,待建设,待审校,未指定,
CS04-M07-O02,CS04,M07 随机与摊还,进行摊还分析,CS04.md#2-模块目标与实践清单,分析动态数组并运行随机化选择,seed 与计数分布；单次快运行不构成证明,B01;B02;B03;对应E适配器,待编写,待建设,待审校,未指定,
CS04-M07-O03,CS04,M07 随机与摊还,设计可复现实验,CS04.md#2-模块目标与实践清单,分析动态数组并运行随机化选择,seed 与计数分布；单次快运行不构成证明,B01;B02;B03;对应E适配器,待编写,待建设,待审校,未指定,
CS04-M08-O01,CS04,M08 困难性与近似,描述可验证解,CS04.md#2-模块目标与实践清单,比较精确搜索与近似覆盖,小规模最优值及论证审阅；不把启发式称保证近似,B01;B02;B03;对应E适配器,待编写,待建设,待审校,未指定,
CS04-M08-O02,CS04,M08 困难性与近似,构造小型归约,CS04.md#2-模块目标与实践清单,比较精确搜索与近似覆盖,小规模最优值及论证审阅；不把启发式称保证近似,B01;B02;B03;对应E适配器,待编写,待建设,待审校,未指定,
CS04-M08-O03,CS04,M08 困难性与近似,检验近似界与限制,CS04.md#2-模块目标与实践清单,比较精确搜索与近似覆盖,小规模最优值及论证审阅；不把启发式称保证近似,B01;B02;B03;对应E适配器,待编写,待建设,待审校,未指定,
CS04-M09-O01,CS04,M09 综合算法设计,选择算法范式,CS04.md#2-模块目标与实践清单,完成约束任务分配器,正确性、反例、证明、资源分别验收,B01;B02;B03;对应E适配器,待编写,待建设,待审校,未指定,
CS04-M09-O02,CS04,M09 综合算法设计,说明正确性和资源界,CS04.md#2-模块目标与实践清单,完成约束任务分配器,正确性、反例、证明、资源分别验收,B01;B02;B03;对应E适配器,待编写,待建设,待审校,未指定,
CS04-M09-O03,CS04,M09 综合算法设计,定位条件变化后的失效,CS04.md#2-模块目标与实践清单,完成约束任务分配器,正确性、反例、证明、资源分别验收,B01;B02;B03;对应E适配器,待编写,待建设,待审校,未指定,
CS05-M01-O01,CS05,M01 命题逻辑,计算真值,CS05.md#2-模块目标与实践清单,修正规则并提交完整真值表,有限穷举；反例为漏行或混淆蕴涵,B01;B02;B03;对应E适配器,待编写,待建设,待审校,未指定,
CS05-M01-O02,CS05,M01 命题逻辑,验证等价与蕴涵,CS05.md#2-模块目标与实践清单,修正规则并提交完整真值表,有限穷举；反例为漏行或混淆蕴涵,B01;B02;B03;对应E适配器,待编写,待建设,待审校,未指定,
CS05-M01-O03,CS05,M01 命题逻辑,构造反例赋值,CS05.md#2-模块目标与实践清单,修正规则并提交完整真值表,有限穷举；反例为漏行或混淆蕴涵,B01;B02;B03;对应E适配器,待编写,待建设,待审校,未指定,
CS05-M02-O01,CS05,M02 谓词逻辑,准确表达量词,CS05.md#2-模块目标与实践清单,翻译规则并在有限模型检验,有限域反例加符号审阅；有限样例不证明无限域有效,B01;B02;B03;对应E适配器,待编写,待建设,待审校,未指定,
CS05-M02-O02,CS05,M02 谓词逻辑,转换否定,CS05.md#2-模块目标与实践清单,翻译规则并在有限模型检验,有限域反例加符号审阅；有限样例不证明无限域有效,B01;B02;B03;对应E适配器,待编写,待建设,待审校,未指定,
CS05-M02-O03,CS05,M02 谓词逻辑,区分量词作用域,CS05.md#2-模块目标与实践清单,翻译规则并在有限模型检验,有限域反例加符号审阅；有限样例不证明无限域有效,B01;B02;B03;对应E适配器,待编写,待建设,待审校,未指定,
CS05-M03-O01,CS05,M03 证明方法,组织直接证明,CS05.md#2-模块目标与实践清单,修补缺少基例或归纳条件的论证,逐步 rubric 和人工复核；模型流畅不代表证明正确,B01;B02;B03;对应E适配器,待编写,待建设,待审校,未指定,
CS05-M03-O02,CS05,M03 证明方法,构造反证与逆否,CS05.md#2-模块目标与实践清单,修补缺少基例或归纳条件的论证,逐步 rubric 和人工复核；模型流畅不代表证明正确,B01;B02;B03;对应E适配器,待编写,待建设,待审校,未指定,
CS05-M03-O03,CS05,M03 证明方法,完成数学归纳,CS05.md#2-模块目标与实践清单,修补缺少基例或归纳条件的论证,逐步 rubric 和人工复核；模型流畅不代表证明正确,B01;B02;B03;对应E适配器,待编写,待建设,待审校,未指定,
CS05-M04-O01,CS05,M04 集合与函数,运算并比较集合,CS05.md#2-模块目标与实践清单,建立有限映射并检查性质,穷举有限对象；反例为遗漏定义域,B01;B02;B03;对应E适配器,待编写,待建设,待审校,未指定,
CS05-M04-O02,CS05,M04 集合与函数,判断单射满射双射,CS05.md#2-模块目标与实践清单,建立有限映射并检查性质,穷举有限对象；反例为遗漏定义域,B01;B02;B03;对应E适配器,待编写,待建设,待审校,未指定,
CS05-M04-O03,CS05,M04 集合与函数,构造复合及逆映射,CS05.md#2-模块目标与实践清单,建立有限映射并检查性质,穷举有限对象；反例为遗漏定义域,B01;B02;B03;对应E适配器,待编写,待建设,待审校,未指定,
CS05-M05-O01,CS05,M05 关系与偏序,判断关系性质,CS05.md#2-模块目标与实践清单,对先修关系做闭包及分层,关系矩阵和覆盖边；不能把有向图都称偏序,B01;B02;B03;对应E适配器,待编写,待建设,待审校,未指定,
CS05-M05-O02,CS05,M05 关系与偏序,求等价类,CS05.md#2-模块目标与实践清单,对先修关系做闭包及分层,关系矩阵和覆盖边；不能把有向图都称偏序,B01;B02;B03;对应E适配器,待编写,待建设,待审校,未指定,
CS05-M05-O03,CS05,M05 关系与偏序,构造偏序和 Hasse 图,CS05.md#2-模块目标与实践清单,对先修关系做闭包及分层,关系矩阵和覆盖边；不能把有向图都称偏序,B01;B02;B03;对应E适配器,待编写,待建设,待审校,未指定,
CS05-M06-O01,CS05,M06 计数与递推,应用排列组合,CS05.md#2-模块目标与实践清单,计算受限安排并用小规模枚举验证,计数与推导分开；反例为重复计数,B01;B02;B03;对应E适配器,待编写,待建设,待审校,未指定,
CS05-M06-O02,CS05,M06 计数与递推,使用容斥与鸽巢,CS05.md#2-模块目标与实践清单,计算受限安排并用小规模枚举验证,计数与推导分开；反例为重复计数,B01;B02;B03;对应E适配器,待编写,待建设,待审校,未指定,
CS05-M06-O03,CS05,M06 计数与递推,建立递推及求解,CS05.md#2-模块目标与实践清单,计算受限安排并用小规模枚举验证,计数与推导分开；反例为重复计数,B01;B02;B03;对应E适配器,待编写,待建设,待审校,未指定,
CS05-M07-O01,CS05,M07 代数结构,检验运算封闭,CS05.md#2-模块目标与实践清单,在有限运算表上找不满足公理的反例,穷举表性质加解释；不由几个例子断言一般结构,B01;B02;B03;对应E适配器,待编写,待建设,待审校,未指定,
CS05-M07-O02,CS05,M07 代数结构,判断群环域的基本条件,CS05.md#2-模块目标与实践清单,在有限运算表上找不满足公理的反例,穷举表性质加解释；不由几个例子断言一般结构,B01;B02;B03;对应E适配器,待编写,待建设,待审校,未指定,
CS05-M07-O03,CS05,M07 代数结构,比较同态及结构保持,CS05.md#2-模块目标与实践清单,在有限运算表上找不满足公理的反例,穷举表性质加解释；不由几个例子断言一般结构,B01;B02;B03;对应E适配器,待编写,待建设,待审校,未指定,
CS05-M08-O01,CS05,M08 布尔代数与格,计算布尔表达式,CS05.md#2-模块目标与实践清单,化简逻辑电路及有限格,真值等价与偏序检查；不同最简表示可接受,B01;B02;B03;对应E适配器,待编写,待建设,待审校,未指定,
CS05-M08-O02,CS05,M08 布尔代数与格,化简并验证等价,CS05.md#2-模块目标与实践清单,化简逻辑电路及有限格,真值等价与偏序检查；不同最简表示可接受,B01;B02;B03;对应E适配器,待编写,待建设,待审校,未指定,
CS05-M08-O03,CS05,M08 布尔代数与格,识别格的上下确界,CS05.md#2-模块目标与实践清单,化简逻辑电路及有限格,真值等价与偏序检查；不同最简表示可接受,B01;B02;B03;对应E适配器,待编写,待建设,待审校,未指定,
CS05-M09-O01,CS05,M09 图论,识别路径与连通,CS05.md#2-模块目标与实践清单,对图命题找证据或反例,有限图算法加证明复核；混淆两类回路为错误样例,B01;B02;B03;对应E适配器,待编写,待建设,待审校,未指定,
CS05-M09-O02,CS05,M09 图论,检验 Euler/Hamilton 条件,CS05.md#2-模块目标与实践清单,对图命题找证据或反例,有限图算法加证明复核；混淆两类回路为错误样例,B01;B02;B03;对应E适配器,待编写,待建设,待审校,未指定,
CS05-M09-O03,CS05,M09 图论,讨论平面性与着色,CS05.md#2-模块目标与实践清单,对图命题找证据或反例,有限图算法加证明复核；混淆两类回路为错误样例,B01;B02;B03;对应E适配器,待编写,待建设,待审校,未指定,
CS05-M10-O01,CS05,M10 树与综合模型,验证树的等价性质,CS05.md#2-模块目标与实践清单,完成权限规则及状态可达性分析,结构检查与论证；不可达状态及矛盾规则需指出,B01;B02;B03;对应E适配器,待编写,待建设,待审校,未指定,
CS05-M10-O02,CS05,M10 树与综合模型,构造生成树,CS05.md#2-模块目标与实践清单,完成权限规则及状态可达性分析,结构检查与论证；不可达状态及矛盾规则需指出,B01;B02;B03;对应E适配器,待编写,待建设,待审校,未指定,
CS05-M10-O03,CS05,M10 树与综合模型,用离散模型解释现实约束,CS05.md#2-模块目标与实践清单,完成权限规则及状态可达性分析,结构检查与论证；不可达状态及矛盾规则需指出,B01;B02;B03;对应E适配器,待编写,待建设,待审校,未指定,
CS06-M01-O01,CS06,M01 数制与编码,转换进制及补码,CS06.md#2-模块目标与实践清单,修复整数编码与符号扩展,逐位计算；反例为溢出仍当有效值,B01;B02;B03;对应E适配器,待编写,待建设,待审校,未指定,
CS06-M01-O02,CS06,M01 数制与编码,区分数值和位模式,CS06.md#2-模块目标与实践清单,修复整数编码与符号扩展,逐位计算；反例为溢出仍当有效值,B01;B02;B03;对应E适配器,待编写,待建设,待审校,未指定,
CS06-M01-O03,CS06,M01 数制与编码,判断表示范围,CS06.md#2-模块目标与实践清单,修复整数编码与符号扩展,逐位计算；反例为溢出仍当有效值,B01;B02;B03;对应E适配器,待编写,待建设,待审校,未指定,
CS06-M02-O01,CS06,M02 算术与浮点,执行加减乘除步骤,CS06.md#2-模块目标与实践清单,跟踪 ALU 和浮点误差,确定性参考位模式；异常数与舍入规则显式声明,B01;B02;B03;对应E适配器,待编写,待建设,待审校,未指定,
CS06-M02-O02,CS06,M02 算术与浮点,处理浮点规格化与舍入,CS06.md#2-模块目标与实践清单,跟踪 ALU 和浮点误差,确定性参考位模式；异常数与舍入规则显式声明,B01;B02;B03;对应E适配器,待编写,待建设,待审校,未指定,
CS06-M02-O03,CS06,M02 算术与浮点,区分精度与范围,CS06.md#2-模块目标与实践清单,跟踪 ALU 和浮点误差,确定性参考位模式；异常数与舍入规则显式声明,B01;B02;B03;对应E适配器,待编写,待建设,待审校,未指定,
CS06-M03-O01,CS06,M03 组合逻辑,建立真值表,CS06.md#2-模块目标与实践清单,连接逻辑组件并注入错线,穷举有限输入；截图不能替代逻辑检查,B01;B02;B03;对应E适配器,待编写,待建设,待审校,未指定,
CS06-M03-O02,CS06,M03 组合逻辑,设计加法器与选择器,CS06.md#2-模块目标与实践清单,连接逻辑组件并注入错线,穷举有限输入；截图不能替代逻辑检查,B01;B02;B03;对应E适配器,待编写,待建设,待审校,未指定,
CS06-M03-O03,CS06,M03 组合逻辑,证明逻辑等价,CS06.md#2-模块目标与实践清单,连接逻辑组件并注入错线,穷举有限输入；截图不能替代逻辑检查,B01;B02;B03;对应E适配器,待编写,待建设,待审校,未指定,
CS06-M04-O01,CS06,M04 时序与寄存器,追踪触发器状态,CS06.md#2-模块目标与实践清单,实现计数器和状态机,状态轨迹核验；教学模型不宣称模拟全部电气行为,B01;B02;B03;对应E适配器,待编写,待建设,待审校,未指定,
CS06-M04-O02,CS06,M04 时序与寄存器,构造寄存器传输,CS06.md#2-模块目标与实践清单,实现计数器和状态机,状态轨迹核验；教学模型不宣称模拟全部电气行为,B01;B02;B03;对应E适配器,待编写,待建设,待审校,未指定,
CS06-M04-O03,CS06,M04 时序与寄存器,解释时钟与时序约束,CS06.md#2-模块目标与实践清单,实现计数器和状态机,状态轨迹核验；教学模型不宣称模拟全部电气行为,B01;B02;B03;对应E适配器,待编写,待建设,待审校,未指定,
CS06-M05-O01,CS06,M05 指令系统,解释指令编码,CS06.md#2-模块目标与实践清单,编写固定教学 ISA 小程序,寄存器及内存轨迹；指令集范围先写规范,B01;B02;B03;对应E适配器,待编写,待建设,待审校,未指定,
CS06-M05-O02,CS06,M05 指令系统,推演寻址方式,CS06.md#2-模块目标与实践清单,编写固定教学 ISA 小程序,寄存器及内存轨迹；指令集范围先写规范,B01;B02;B03;对应E适配器,待编写,待建设,待审校,未指定,
CS06-M05-O03,CS06,M05 指令系统,将表达式转换为指令序列,CS06.md#2-模块目标与实践清单,编写固定教学 ISA 小程序,寄存器及内存轨迹；指令集范围先写规范,B01;B02;B03;对应E适配器,待编写,待建设,待审校,未指定,
CS06-M06-O01,CS06,M06 数据通路与控制,连接取指执行路径,CS06.md#2-模块目标与实践清单,完成单周期或多周期处理器控制表,逐周期状态；反例为错误使能导致旁路写入,B01;B02;B03;对应E适配器,待编写,待建设,待审校,未指定,
CS06-M06-O02,CS06,M06 数据通路与控制,生成控制信号,CS06.md#2-模块目标与实践清单,完成单周期或多周期处理器控制表,逐周期状态；反例为错误使能导致旁路写入,B01;B02;B03;对应E适配器,待编写,待建设,待审校,未指定,
CS06-M06-O03,CS06,M06 数据通路与控制,定位控制冲突,CS06.md#2-模块目标与实践清单,完成单周期或多周期处理器控制表,逐周期状态；反例为错误使能导致旁路写入,B01;B02;B03;对应E适配器,待编写,待建设,待审校,未指定,
CS06-M07-O01,CS06,M07 流水线,识别数据和控制冒险,CS06.md#2-模块目标与实践清单,比较有无转发的指令序列,规范化周期表及最终状态；仅 CPI 正确不够,B01;B02;B03;对应E适配器,待编写,待建设,待审校,未指定,
CS06-M07-O02,CS06,M07 流水线,插入停顿或转发,CS06.md#2-模块目标与实践清单,比较有无转发的指令序列,规范化周期表及最终状态；仅 CPI 正确不够,B01;B02;B03;对应E适配器,待编写,待建设,待审校,未指定,
CS06-M07-O03,CS06,M07 流水线,计算有效吞吐,CS06.md#2-模块目标与实践清单,比较有无转发的指令序列,规范化周期表及最终状态；仅 CPI 正确不够,B01;B02;B03;对应E适配器,待编写,待建设,待审校,未指定,
CS06-M08-O01,CS06,M08 存储层次,计算缓存映射,CS06.md#2-模块目标与实践清单,配置缓存并分析访存轨迹,命中、写回和地址分解；反例为冷启动状态遗漏,B01;B02;B03;对应E适配器,待编写,待建设,待审校,未指定,
CS06-M08-O02,CS06,M08 存储层次,模拟替换及写策略,CS06.md#2-模块目标与实践清单,配置缓存并分析访存轨迹,命中、写回和地址分解；反例为冷启动状态遗漏,B01;B02;B03;对应E适配器,待编写,待建设,待审校,未指定,
CS06-M08-O03,CS06,M08 存储层次,解释主存与虚拟地址关系,CS06.md#2-模块目标与实践清单,配置缓存并分析访存轨迹,命中、写回和地址分解；反例为冷启动状态遗漏,B01;B02;B03;对应E适配器,待编写,待建设,待审校,未指定,
CS06-M09-O01,CS06,M09 总线输入输出与性能,推演中断和 DMA,CS06.md#2-模块目标与实践清单,完成设备事件和处理器协同轨迹,时序、状态和公式条件；不要求 FPGA 实物作为核心依赖,B01;B02;B03;对应E适配器,待编写,待建设,待审校,未指定,
CS06-M09-O02,CS06,M09 总线输入输出与性能,比较总线传输,CS06.md#2-模块目标与实践清单,完成设备事件和处理器协同轨迹,时序、状态和公式条件；不要求 FPGA 实物作为核心依赖,B01;B02;B03;对应E适配器,待编写,待建设,待审校,未指定,
CS06-M09-O03,CS06,M09 总线输入输出与性能,分析瓶颈和性能指标,CS06.md#2-模块目标与实践清单,完成设备事件和处理器协同轨迹,时序、状态和公式条件；不要求 FPGA 实物作为核心依赖,B01;B02;B03;对应E适配器,待编写,待建设,待审校,未指定,
CS07-M01-O01,CS07,M01 系统接口,区分用户态内核态,CS07.md#2-模块目标与实践清单,观察受控程序的系统调用并对应状态,真实 trace 加概念解释；不从日志猜未记录行为,B01;B02;B03;对应E适配器,待编写,待建设,待审校,未指定,
CS07-M01-O02,CS07,M01 系统接口,解释系统调用,CS07.md#2-模块目标与实践清单,观察受控程序的系统调用并对应状态,真实 trace 加概念解释；不从日志猜未记录行为,B01;B02;B03;对应E适配器,待编写,待建设,待审校,未指定,
CS07-M01-O03,CS07,M01 系统接口,定位异常中断与返回,CS07.md#2-模块目标与实践清单,观察受控程序的系统调用并对应状态,真实 trace 加概念解释；不从日志猜未记录行为,B01;B02;B03;对应E适配器,待编写,待建设,待审校,未指定,
CS07-M02-O01,CS07,M02 进程与线程,建立进程状态模型,CS07.md#2-模块目标与实践清单,编写管道及线程通信实验,退出、消息和共享变量；子进程遗留必须清理,B01;B02;B03;对应E适配器,待编写,待建设,待审校,未指定,
CS07-M02-O02,CS07,M02 进程与线程,创建进程线程及通信,CS07.md#2-模块目标与实践清单,编写管道及线程通信实验,退出、消息和共享变量；子进程遗留必须清理,B01;B02;B03;对应E适配器,待编写,待建设,待审校,未指定,
CS07-M02-O03,CS07,M02 进程与线程,解释地址空间和共享,CS07.md#2-模块目标与实践清单,编写管道及线程通信实验,退出、消息和共享变量；子进程遗留必须清理,B01;B02;B03;对应E适配器,待编写,待建设,待审校,未指定,
CS07-M03-O01,CS07,M03 调度,推演主要调度算法,CS07.md#2-模块目标与实践清单,运行同一作业集的不同调度,确定性轨迹及指标；到达时刻相同的规则要明确,B01;B02;B03;对应E适配器,待编写,待建设,待审校,未指定,
CS07-M03-O02,CS07,M03 调度,计算等待响应周转,CS07.md#2-模块目标与实践清单,运行同一作业集的不同调度,确定性轨迹及指标；到达时刻相同的规则要明确,B01;B02;B03;对应E适配器,待编写,待建设,待审校,未指定,
CS07-M03-O03,CS07,M03 调度,解释公平与吞吐取舍,CS07.md#2-模块目标与实践清单,运行同一作业集的不同调度,确定性轨迹及指标；到达时刻相同的规则要明确,B01;B02;B03;对应E适配器,待编写,待建设,待审校,未指定,
CS07-M04-O01,CS07,M04 同步与互斥,发现竞态,CS07.md#2-模块目标与实践清单,修复生产消费和条件等待,受控交错及真实多次运行；一次通过不证明无竞态,B01;B02;B03;对应E适配器,待编写,待建设,待审校,未指定,
CS07-M04-O02,CS07,M04 同步与互斥,使用锁信号量或条件变量,CS07.md#2-模块目标与实践清单,修复生产消费和条件等待,受控交错及真实多次运行；一次通过不证明无竞态,B01;B02;B03;对应E适配器,待编写,待建设,待审校,未指定,
CS07-M04-O03,CS07,M04 同步与互斥,解释安全性与活性,CS07.md#2-模块目标与实践清单,修复生产消费和条件等待,受控交错及真实多次运行；一次通过不证明无竞态,B01;B02;B03;对应E适配器,待编写,待建设,待审校,未指定,
CS07-M05-O01,CS07,M05 死锁,识别必要条件,CS07.md#2-模块目标与实践清单,注入资源环并分析处理方案,图和安全序列；不安全状态不等于已经死锁,B01;B02;B03;对应E适配器,待编写,待建设,待审校,未指定,
CS07-M05-O02,CS07,M05 死锁,构造等待图,CS07.md#2-模块目标与实践清单,注入资源环并分析处理方案,图和安全序列；不安全状态不等于已经死锁,B01;B02;B03;对应E适配器,待编写,待建设,待审校,未指定,
CS07-M05-O03,CS07,M05 死锁,实施避免或检测恢复,CS07.md#2-模块目标与实践清单,注入资源环并分析处理方案,图和安全序列；不安全状态不等于已经死锁,B01;B02;B03;对应E适配器,待编写,待建设,待审校,未指定,
CS07-M06-O01,CS07,M06 内存管理,推演分区与分页,CS07.md#2-模块目标与实践清单,修改页表和分配策略,边界地址与状态；反例为跨页访问遗漏,B01;B02;B03;对应E适配器,待编写,待建设,待审校,未指定,
CS07-M06-O02,CS07,M06 内存管理,计算地址转换,CS07.md#2-模块目标与实践清单,修改页表和分配策略,边界地址与状态；反例为跨页访问遗漏,B01;B02;B03;对应E适配器,待编写,待建设,待审校,未指定,
CS07-M06-O03,CS07,M06 内存管理,比较分配与碎片,CS07.md#2-模块目标与实践清单,修改页表和分配策略,边界地址与状态；反例为跨页访问遗漏,B01;B02;B03;对应E适配器,待编写,待建设,待审校,未指定,
CS07-M07-O01,CS07,M07 虚拟内存,模拟缺页与置换,CS07.md#2-模块目标与实践清单,比较访问串下的置换策略,缺页轨迹及初始条件；不能仅比总次数,B01;B02;B03;对应E适配器,待编写,待建设,待审校,未指定,
CS07-M07-O02,CS07,M07 虚拟内存,解释局部性和抖动,CS07.md#2-模块目标与实践清单,比较访问串下的置换策略,缺页轨迹及初始条件；不能仅比总次数,B01;B02;B03;对应E适配器,待编写,待建设,待审校,未指定,
CS07-M07-O03,CS07,M07 虚拟内存,计算工作集影响,CS07.md#2-模块目标与实践清单,比较访问串下的置换策略,缺页轨迹及初始条件；不能仅比总次数,B01;B02;B03;对应E适配器,待编写,待建设,待审校,未指定,
CS07-M08-O01,CS07,M08 文件与设备,解释文件索引和目录,CS07.md#2-模块目标与实践清单,观察隔离文件操作并推演磁盘队列,文件状态、权限和调度表；失败必须保留原因,B01;B02;B03;对应E适配器,待编写,待建设,待审校,未指定,
CS07-M08-O02,CS07,M08 文件与设备,实施权限及文件操作,CS07.md#2-模块目标与实践清单,观察隔离文件操作并推演磁盘队列,文件状态、权限和调度表；失败必须保留原因,B01;B02;B03;对应E适配器,待编写,待建设,待审校,未指定,
CS07-M08-O03,CS07,M08 文件与设备,分析缓存与设备调度,CS07.md#2-模块目标与实践清单,观察隔离文件操作并推演磁盘队列,文件状态、权限和调度表；失败必须保留原因,B01;B02;B03;对应E适配器,待编写,待建设,待审校,未指定,
CS07-M09-O01,CS07,M09 保护与系统综合,区分隔离权限和认证,CS07.md#2-模块目标与实践清单,完成作业观察器并注入超限任务,真实退出状态与资源证据；不修改业务机内核,B01;B02;B03;对应E适配器,待编写,待建设,待审校,未指定,
CS07-M09-O02,CS07,M09 保护与系统综合,限制进程资源,CS07.md#2-模块目标与实践清单,完成作业观察器并注入超限任务,真实退出状态与资源证据；不修改业务机内核,B01;B02;B03;对应E适配器,待编写,待建设,待审校,未指定,
CS07-M09-O03,CS07,M09 保护与系统综合,分析运行故障与恢复,CS07.md#2-模块目标与实践清单,完成作业观察器并注入超限任务,真实退出状态与资源证据；不修改业务机内核,B01;B02;B03;对应E适配器,待编写,待建设,待审校,未指定,
CS08-M01-O01,CS08,M01 分层与性能,解释分层封装,CS08.md#2-模块目标与实践清单,解析一条请求跨层路径并计算链路瓶颈,字段和单位核对；往返与单程混淆为错误样例,B01;B02;B03;对应E适配器,待编写,待建设,待审校,未指定,
CS08-M01-O02,CS08,M01 分层与性能,计算传输传播时延,CS08.md#2-模块目标与实践清单,解析一条请求跨层路径并计算链路瓶颈,字段和单位核对；往返与单程混淆为错误样例,B01;B02;B03;对应E适配器,待编写,待建设,待审校,未指定,
CS08-M01-O03,CS08,M01 分层与性能,区分吞吐和带宽,CS08.md#2-模块目标与实践清单,解析一条请求跨层路径并计算链路瓶颈,字段和单位核对；往返与单程混淆为错误样例,B01;B02;B03;对应E适配器,待编写,待建设,待审校,未指定,
CS08-M02-O01,CS08,M02 链路与差错,推演帧边界,CS08.md#2-模块目标与实践清单,修改模拟帧及差错条件,按明确规则核验；不把教学模型当真实物理信道,B01;B02;B03;对应E适配器,待编写,待建设,待审校,未指定,
CS08-M02-O02,CS08,M02 链路与差错,计算校验及重传,CS08.md#2-模块目标与实践清单,修改模拟帧及差错条件,按明确规则核验；不把教学模型当真实物理信道,B01;B02;B03;对应E适配器,待编写,待建设,待审校,未指定,
CS08-M02-O03,CS08,M02 链路与差错,解释介质访问限制,CS08.md#2-模块目标与实践清单,修改模拟帧及差错条件,按明确规则核验；不把教学模型当真实物理信道,B01;B02;B03;对应E适配器,待编写,待建设,待审校,未指定,
CS08-M03-O01,CS08,M03 以太网与交换,观察 MAC 学习,CS08.md#2-模块目标与实践清单,浏览器终端配置隔离网桥和 VLAN,真实转发表与分区通信；能 ping 不证明隔离正确,B01;B02;B03;对应E适配器,待编写,待建设,待审校,未指定,
CS08-M03-O02,CS08,M03 以太网与交换,配置二层连通及 VLAN,CS08.md#2-模块目标与实践清单,浏览器终端配置隔离网桥和 VLAN,真实转发表与分区通信；能 ping 不证明隔离正确,B01;B02;B03;对应E适配器,待编写,待建设,待审校,未指定,
CS08-M03-O03,CS08,M03 以太网与交换,定位广播与环路问题,CS08.md#2-模块目标与实践清单,浏览器终端配置隔离网桥和 VLAN,真实转发表与分区通信；能 ping 不证明隔离正确,B01;B02;B03;对应E适配器,待编写,待建设,待审校,未指定,
CS08-M04-O01,CS08,M04 IP 与地址,规划 IPv4 子网,CS08.md#2-模块目标与实践清单,建立两个子网并处理重复地址,接口快照、正反向测试与报文；错误掩码必须检出,B01;B02;B03;对应E适配器,待编写,待建设,待审校,未指定,
CS08-M04-O02,CS08,M04 IP 与地址,解释 IPv6 地址及邻居发现,CS08.md#2-模块目标与实践清单,建立两个子网并处理重复地址,接口快照、正反向测试与报文；错误掩码必须检出,B01;B02;B03;对应E适配器,待编写,待建设,待审校,未指定,
CS08-M04-O03,CS08,M04 IP 与地址,配置接口和网关,CS08.md#2-模块目标与实践清单,建立两个子网并处理重复地址,接口快照、正反向测试与报文；错误掩码必须检出,B01;B02;B03;对应E适配器,待编写,待建设,待审校,未指定,
CS08-M05-O01,CS08,M05 转发与路由,匹配最长前缀,CS08.md#2-模块目标与实践清单,在 FRR 小拓扑注入断链并恢复,路由状态及多方向流量；不以配置文本替代生效状态,B01;B02;B03;对应E适配器,待编写,待建设,待审校,未指定,
CS08-M05-O02,CS08,M05 转发与路由,配置静态路由,CS08.md#2-模块目标与实践清单,在 FRR 小拓扑注入断链并恢复,路由状态及多方向流量；不以配置文本替代生效状态,B01;B02;B03;对应E适配器,待编写,待建设,待审校,未指定,
CS08-M05-O03,CS08,M05 转发与路由,观察动态路由收敛,CS08.md#2-模块目标与实践清单,在 FRR 小拓扑注入断链并恢复,路由状态及多方向流量；不以配置文本替代生效状态,B01;B02;B03;对应E适配器,待编写,待建设,待审校,未指定,
CS08-M06-O01,CS08,M06 网络控制与边界,观察 ARP/ICMP,CS08.md#2-模块目标与实践清单,定位网关可达但服务不可达的问题,限定链路抓包和状态；不得探测外部网络,B01;B02;B03;对应E适配器,待编写,待建设,待审校,未指定,
CS08-M06-O02,CS08,M06 网络控制与边界,解释 MTU 和分片条件,CS08.md#2-模块目标与实践清单,定位网关可达但服务不可达的问题,限定链路抓包和状态；不得探测外部网络,B01;B02;B03;对应E适配器,待编写,待建设,待审校,未指定,
CS08-M06-O03,CS08,M06 网络控制与边界,配置受控 NAT 与过滤,CS08.md#2-模块目标与实践清单,定位网关可达但服务不可达的问题,限定链路抓包和状态；不得探测外部网络,B01;B02;B03;对应E适配器,待编写,待建设,待审校,未指定,
CS08-M07-O01,CS08,M07 传输层,追踪 TCP 建连关闭,CS08.md#2-模块目标与实践清单,在隔离链路改变时延和丢包并抓包,序列号、窗口与应用结果；不能用 TCP 状态推定应用成功,B01;B02;B03;对应E适配器,待编写,待建设,待审校,未指定,
CS08-M07-O02,CS08,M07 传输层,解释重传流控和拥塞,CS08.md#2-模块目标与实践清单,在隔离链路改变时延和丢包并抓包,序列号、窗口与应用结果；不能用 TCP 状态推定应用成功,B01;B02;B03;对应E适配器,待编写,待建设,待审校,未指定,
CS08-M07-O03,CS08,M07 传输层,比较 UDP 语义,CS08.md#2-模块目标与实践清单,在隔离链路改变时延和丢包并抓包,序列号、窗口与应用结果；不能用 TCP 状态推定应用成功,B01;B02;B03;对应E适配器,待编写,待建设,待审校,未指定,
CS08-M08-O01,CS08,M08 应用协议,观察 DNS 解析,CS08.md#2-模块目标与实践清单,搭建隔离名称服务和 Web 服务,服务日志及查询响应；错误 DNS 与端口分开定位,B01;B02;B03;对应E适配器,待编写,待建设,待审校,未指定,
CS08-M08-O02,CS08,M08 应用协议,解释 HTTP 请求响应,CS08.md#2-模块目标与实践清单,搭建隔离名称服务和 Web 服务,服务日志及查询响应；错误 DNS 与端口分开定位,B01;B02;B03;对应E适配器,待编写,待建设,待审校,未指定,
CS08-M08-O03,CS08,M08 应用协议,区分 TLS 与应用授权,CS08.md#2-模块目标与实践清单,搭建隔离名称服务和 Web 服务,服务日志及查询响应；错误 DNS 与端口分开定位,B01;B02;B03;对应E适配器,待编写,待建设,待审校,未指定,
CS08-M09-O01,CS08,M09 无线与安全基础,分析无线共享介质,CS08.md#2-模块目标与实践清单,对给定报文和无线情境进行推演与配置评审,结构化场景及人工审阅；无线物理实验另列扩展,B01;B02;B03;对应E适配器,待编写,待建设,待审校,未指定,
CS08-M09-O02,CS08,M09 无线与安全基础,区分加密认证完整性,CS08.md#2-模块目标与实践清单,对给定报文和无线情境进行推演与配置评审,结构化场景及人工审阅；无线物理实验另列扩展,B01;B02;B03;对应E适配器,待编写,待建设,待审校,未指定,
CS08-M09-O03,CS08,M09 无线与安全基础,识别协议攻击面,CS08.md#2-模块目标与实践清单,对给定报文和无线情境进行推演与配置评审,结构化场景及人工审阅；无线物理实验另列扩展,B01;B02;B03;对应E适配器,待编写,待建设,待审校,未指定,
CS08-M10-O01,CS08,M10 综合排障与恢复,按层提出可检验假设,CS08.md#2-模块目标与实践清单,修复双网段服务并导出恢复包,配置、状态、定向 pcap、解释和变体；不依赖 eNSP 或 Cisco 软件,B01;B02;B03;对应E适配器,待编写,待建设,待审校,未指定,
CS08-M10-O02,CS08,M10 综合排障与恢复,用证据缩小故障,CS08.md#2-模块目标与实践清单,修复双网段服务并导出恢复包,配置、状态、定向 pcap、解释和变体；不依赖 eNSP 或 Cisco 软件,B01;B02;B03;对应E适配器,待编写,待建设,待审校,未指定,
CS08-M10-O03,CS08,M10 综合排障与恢复,重建并验证拓扑,CS08.md#2-模块目标与实践清单,修复双网段服务并导出恢复包,配置、状态、定向 pcap、解释和变体；不依赖 eNSP 或 Cisco 软件,B01;B02;B03;对应E适配器,待编写,待建设,待审校,未指定,
CS09-M01-O01,CS09,M01 关系模型与代数,定义关系键和约束,CS09.md#2-模块目标与实践清单,从小数据推导查询再验证 SQL,结果语义；错误样例丢重复或误处理 NULL,B01;B02;B03;对应E适配器,待编写,待建设,待审校,未指定,
CS09-M01-O02,CS09,M01 关系模型与代数,推演关系代数,CS09.md#2-模块目标与实践清单,从小数据推导查询再验证 SQL,结果语义；错误样例丢重复或误处理 NULL,B01;B02;B03;对应E适配器,待编写,待建设,待审校,未指定,
CS09-M01-O03,CS09,M01 关系模型与代数,区别集合与多重集,CS09.md#2-模块目标与实践清单,从小数据推导查询再验证 SQL,结果语义；错误样例丢重复或误处理 NULL,B01;B02;B03;对应E适配器,待编写,待建设,待审校,未指定,
CS09-M02-O01,CS09,M02 概念与逻辑设计,绘制实体联系,CS09.md#2-模块目标与实践清单,建模图书订单和库存,约束反例与设计审阅；图画得完整不等于模型正确,B01;B02;B03;对应E适配器,待编写,待建设,待审校,未指定,
CS09-M02-O02,CS09,M02 概念与逻辑设计,转换关系模式,CS09.md#2-模块目标与实践清单,建模图书订单和库存,约束反例与设计审阅；图画得完整不等于模型正确,B01;B02;B03;对应E适配器,待编写,待建设,待审校,未指定,
CS09-M02-O03,CS09,M02 概念与逻辑设计,选择主外键和约束,CS09.md#2-模块目标与实践清单,建模图书订单和库存,约束反例与设计审阅；图画得完整不等于模型正确,B01;B02;B03;对应E适配器,待编写,待建设,待审校,未指定,
CS09-M03-O01,CS09,M03 基本 SQL,实现筛选投影排序,CS09.md#2-模块目标与实践清单,完成数据导入与查询,真实执行、类型与顺序要求；无 ORDER BY 不强制顺序,B01;B02;B03;对应E适配器,待编写,待建设,待审校,未指定,
CS09-M03-O02,CS09,M03 基本 SQL,修改数据,CS09.md#2-模块目标与实践清单,完成数据导入与查询,真实执行、类型与顺序要求；无 ORDER BY 不强制顺序,B01;B02;B03;对应E适配器,待编写,待建设,待审校,未指定,
CS09-M03-O03,CS09,M03 基本 SQL,建立和验证约束,CS09.md#2-模块目标与实践清单,完成数据导入与查询,真实执行、类型与顺序要求；无 ORDER BY 不强制顺序,B01;B02;B03;对应E适配器,待编写,待建设,待审校,未指定,
CS09-M04-O01,CS09,M04 连接与聚合,实现多表连接,CS09.md#2-模块目标与实践清单,统计无订单用户及分组排行,包含空集、NULL、重复键；反例为内连接遗漏零值组,B01;B02;B03;对应E适配器,待编写,待建设,待审校,未指定,
CS09-M04-O02,CS09,M04 连接与聚合,处理分组聚合,CS09.md#2-模块目标与实践清单,统计无订单用户及分组排行,包含空集、NULL、重复键；反例为内连接遗漏零值组,B01;B02;B03;对应E适配器,待编写,待建设,待审校,未指定,
CS09-M04-O03,CS09,M04 连接与聚合,使用子查询与窗口,CS09.md#2-模块目标与实践清单,统计无订单用户及分组排行,包含空集、NULL、重复键；反例为内连接遗漏零值组,B01;B02;B03;对应E适配器,待编写,待建设,待审校,未指定,
CS09-M05-O01,CS09,M05 规范化,求函数依赖闭包,CS09.md#2-模块目标与实践清单,修复冗余模式并构造异常,有限计算加一般论证审阅；样例数据不能证明所有依赖,B01;B02;B03;对应E适配器,待编写,待建设,待审校,未指定,
CS09-M05-O02,CS09,M05 规范化,判断范式,CS09.md#2-模块目标与实践清单,修复冗余模式并构造异常,有限计算加一般论证审阅；样例数据不能证明所有依赖,B01;B02;B03;对应E适配器,待编写,待建设,待审校,未指定,
CS09-M05-O03,CS09,M05 规范化,验证分解无损及保持依赖,CS09.md#2-模块目标与实践清单,修复冗余模式并构造异常,有限计算加一般论证审阅；样例数据不能证明所有依赖,B01;B02;B03;对应E适配器,待编写,待建设,待审校,未指定,
CS09-M06-O01,CS09,M06 索引与执行计划,选择索引,CS09.md#2-模块目标与实践清单,固定数据上调整索引与查询,计划和实际结果；耗时不作为唯一判据,B01;B02;B03;对应E适配器,待编写,待建设,待审校,未指定,
CS09-M06-O02,CS09,M06 索引与执行计划,解释执行计划,CS09.md#2-模块目标与实践清单,固定数据上调整索引与查询,计划和实际结果；耗时不作为唯一判据,B01;B02;B03;对应E适配器,待编写,待建设,待审校,未指定,
CS09-M06-O03,CS09,M06 索引与执行计划,比较扫描与连接代价,CS09.md#2-模块目标与实践清单,固定数据上调整索引与查询,计划和实际结果；耗时不作为唯一判据,B01;B02;B03;对应E适配器,待编写,待建设,待审校,未指定,
CS09-M07-O01,CS09,M07 事务与并发,编写原子事务,CS09.md#2-模块目标与实践清单,双会话执行并发下单,调度屏障及最终约束；不使用不稳定 sleep 控制时序,B01;B02;B03;对应E适配器,待编写,待建设,待审校,未指定,
CS09-M07-O02,CS09,M07 事务与并发,重现隔离异常,CS09.md#2-模块目标与实践清单,双会话执行并发下单,调度屏障及最终约束；不使用不稳定 sleep 控制时序,B01;B02;B03;对应E适配器,待编写,待建设,待审校,未指定,
CS09-M07-O03,CS09,M07 事务与并发,处理锁与冲突,CS09.md#2-模块目标与实践清单,双会话执行并发下单,调度屏障及最终约束；不使用不稳定 sleep 控制时序,B01;B02;B03;对应E适配器,待编写,待建设,待审校,未指定,
CS09-M08-O01,CS09,M08 恢复与日志,解释日志先行原则,CS09.md#2-模块目标与实践清单,在独立测试环境重放故障轨迹,日志模型或真实恢复分别标识；不能破坏业务库,B01;B02;B03;对应E适配器,待编写,待建设,待审校,未指定,
CS09-M08-O02,CS09,M08 恢复与日志,推演撤销与重做,CS09.md#2-模块目标与实践清单,在独立测试环境重放故障轨迹,日志模型或真实恢复分别标识；不能破坏业务库,B01;B02;B03;对应E适配器,待编写,待建设,待审校,未指定,
CS09-M08-O03,CS09,M08 恢复与日志,验证事务回滚和数据恢复,CS09.md#2-模块目标与实践清单,在独立测试环境重放故障轨迹,日志模型或真实恢复分别标识；不能破坏业务库,B01;B02;B03;对应E适配器,待编写,待建设,待审校,未指定,
CS09-M09-O01,CS09,M09 权限与程序接口,设置最小权限,CS09.md#2-模块目标与实践清单,修复越权查询及注入风险,受限角色真实访问测试；不把隐藏 UI 当权限,B01;B02;B03;对应E适配器,待编写,待建设,待审校,未指定,
CS09-M09-O02,CS09,M09 权限与程序接口,参数化查询,CS09.md#2-模块目标与实践清单,修复越权查询及注入风险,受限角色真实访问测试；不把隐藏 UI 当权限,B01;B02;B03;对应E适配器,待编写,待建设,待审校,未指定,
CS09-M09-O03,CS09,M09 权限与程序接口,维护视图和应用边界,CS09.md#2-模块目标与实践清单,修复越权查询及注入风险,受限角色真实访问测试；不把隐藏 UI 当权限,B01;B02;B03;对应E适配器,待编写,待建设,待审校,未指定,
CS09-M10-O01,CS09,M10 综合与现代数据,完成模式演进,CS09.md#2-模块目标与实践清单,新增库存字段并保留订单约束,迁移、事务和恢复；分布式原理保留建模范围，不冒充集群实操,B01;B02;B03;对应E适配器,待编写,待建设,待审校,未指定,
CS09-M10-O02,CS09,M10 综合与现代数据,说明复制分片及非关系模型取舍,CS09.md#2-模块目标与实践清单,新增库存字段并保留订单约束,迁移、事务和恢复；分布式原理保留建模范围，不冒充集群实操,B01;B02;B03;对应E适配器,待编写,待建设,待审校,未指定,
CS09-M10-O03,CS09,M10 综合与现代数据,交付可恢复数据项目,CS09.md#2-模块目标与实践清单,新增库存字段并保留订单约束,迁移、事务和恢复；分布式原理保留建模范围，不冒充集群实操,B01;B02;B03;对应E适配器,待编写,待建设,待审校,未指定,
CS10-M01-O01,CS10,M01 过程与范围,区分生命周期活动,CS10.md#2-模块目标与实践清单,给小项目划分可验收迭代,需求到交付映射审阅；任务数量不是完成度,B01;B02;B03;对应E适配器,待编写,待建设,待审校,未指定,
CS10-M01-O02,CS10,M01 过程与范围,切分增量交付,CS10.md#2-模块目标与实践清单,给小项目划分可验收迭代,需求到交付映射审阅；任务数量不是完成度,B01;B02;B03;对应E适配器,待编写,待建设,待审校,未指定,
CS10-M01-O03,CS10,M01 过程与范围,管理风险与约束,CS10.md#2-模块目标与实践清单,给小项目划分可验收迭代,需求到交付映射审阅；任务数量不是完成度,B01;B02;B03;对应E适配器,待编写,待建设,待审校,未指定,
CS10-M02-O01,CS10,M02 需求工程,提取用户目标,CS10.md#2-模块目标与实践清单,访谈情境中修复含糊需求,验收条件和反例；模板填满不代表需求有效,B01;B02;B03;对应E适配器,待编写,待建设,待审校,未指定,
CS10-M02-O02,CS10,M02 需求工程,写可检验需求,CS10.md#2-模块目标与实践清单,访谈情境中修复含糊需求,验收条件和反例；模板填满不代表需求有效,B01;B02;B03;对应E适配器,待编写,待建设,待审校,未指定,
CS10-M02-O03,CS10,M02 需求工程,处理冲突和变更,CS10.md#2-模块目标与实践清单,访谈情境中修复含糊需求,验收条件和反例；模板填满不代表需求有效,B01;B02;B03;对应E适配器,待编写,待建设,待审校,未指定,
CS10-M03-O01,CS10,M03 分析建模,建立领域模型,CS10.md#2-模块目标与实践清单,给提交服务建状态与时序模型,非法状态与缺失路径检查；多种合理模型可接受,B01;B02;B03;对应E适配器,待编写,待建设,待审校,未指定,
CS10-M03-O02,CS10,M03 分析建模,表达状态和交互,CS10.md#2-模块目标与实践清单,给提交服务建状态与时序模型,非法状态与缺失路径检查；多种合理模型可接受,B01;B02;B03;对应E适配器,待编写,待建设,待审校,未指定,
CS10-M03-O03,CS10,M03 分析建模,维护模型与需求追踪,CS10.md#2-模块目标与实践清单,给提交服务建状态与时序模型,非法状态与缺失路径检查；多种合理模型可接受,B01;B02;B03;对应E适配器,待编写,待建设,待审校,未指定,
CS10-M04-O01,CS10,M04 架构与质量,分配模块职责,CS10.md#2-模块目标与实践清单,比较两种存储和通知架构,约束场景及权衡审阅；不按架构名词打分,B01;B02;B03;对应E适配器,待编写,待建设,待审校,未指定,
CS10-M04-O02,CS10,M04 架构与质量,分析质量属性,CS10.md#2-模块目标与实践清单,比较两种存储和通知架构,约束场景及权衡审阅；不按架构名词打分,B01;B02;B03;对应E适配器,待编写,待建设,待审校,未指定,
CS10-M04-O03,CS10,M04 架构与质量,记录架构取舍,CS10.md#2-模块目标与实践清单,比较两种存储和通知架构,约束场景及权衡审阅；不按架构名词打分,B01;B02;B03;对应E适配器,待编写,待建设,待审校,未指定,
CS10-M05-O01,CS10,M05 详细设计与接口,定义接口及错误语义,CS10.md#2-模块目标与实践清单,实现可测试的任务接口,契约和兼容测试；反例为客户端靠猜测错误类型,B01;B02;B03;对应E适配器,待编写,待建设,待审校,未指定,
CS10-M05-O02,CS10,M05 详细设计与接口,实现契约,CS10.md#2-模块目标与实践清单,实现可测试的任务接口,契约和兼容测试；反例为客户端靠猜测错误类型,B01;B02;B03;对应E适配器,待编写,待建设,待审校,未指定,
CS10-M05-O03,CS10,M05 详细设计与接口,控制依赖方向,CS10.md#2-模块目标与实践清单,实现可测试的任务接口,契约和兼容测试；反例为客户端靠猜测错误类型,B01;B02;B03;对应E适配器,待编写,待建设,待审校,未指定,
CS10-M06-O01,CS10,M06 测试与质量,设计单元集成验收测试,CS10.md#2-模块目标与实践清单,为含缺陷项目编写测试,变异缺陷检出及需求覆盖；覆盖率数字不独立证明质量,B01;B02;B03;对应E适配器,待编写,待建设,待审校,未指定,
CS10-M06-O02,CS10,M06 测试与质量,构造边界与替代路径,CS10.md#2-模块目标与实践清单,为含缺陷项目编写测试,变异缺陷检出及需求覆盖；覆盖率数字不独立证明质量,B01;B02;B03;对应E适配器,待编写,待建设,待审校,未指定,
CS10-M06-O03,CS10,M06 测试与质量,评估缺陷检出,CS10.md#2-模块目标与实践清单,为含缺陷项目编写测试,变异缺陷检出及需求覆盖；覆盖率数字不独立证明质量,B01;B02;B03;对应E适配器,待编写,待建设,待审校,未指定,
CS10-M07-O01,CS10,M07 协作与配置,组织版本及评审,CS10.md#2-模块目标与实践清单,两条变更线合并并验证回归,提交历史、差异及实际构建；不要求真实多人才能练习,B01;B02;B03;对应E适配器,待编写,待建设,待审校,未指定,
CS10-M07-O02,CS10,M07 协作与配置,处理冲突,CS10.md#2-模块目标与实践清单,两条变更线合并并验证回归,提交历史、差异及实际构建；不要求真实多人才能练习,B01;B02;B03;对应E适配器,待编写,待建设,待审校,未指定,
CS10-M07-O03,CS10,M07 协作与配置,建立可复现构建,CS10.md#2-模块目标与实践清单,两条变更线合并并验证回归,提交历史、差异及实际构建；不要求真实多人才能练习,B01;B02;B03;对应E适配器,待编写,待建设,待审校,未指定,
CS10-M08-O01,CS10,M08 交付与运维,设计发布和回滚,CS10.md#2-模块目标与实践清单,在隔离服务环境部署并回滚,版本和健康状态；文档声明成功不能代替运行结果,B01;B02;B03;对应E适配器,待编写,待建设,待审校,未指定,
CS10-M08-O02,CS10,M08 交付与运维,记录运行指标,CS10.md#2-模块目标与实践清单,在隔离服务环境部署并回滚,版本和健康状态；文档声明成功不能代替运行结果,B01;B02;B03;对应E适配器,待编写,待建设,待审校,未指定,
CS10-M08-O03,CS10,M08 交付与运维,定位故障,CS10.md#2-模块目标与实践清单,在隔离服务环境部署并回滚,版本和健康状态；文档声明成功不能代替运行结果,B01;B02;B03;对应E适配器,待编写,待建设,待审校,未指定,
CS10-M09-O01,CS10,M09 维护与综合,评估变更影响,CS10.md#2-模块目标与实践清单,完成新增角色后的第二轮交付,需求、设计、实现、测试追踪及评审；保留第一轮工件,B01;B02;B03;对应E适配器,待编写,待建设,待审校,未指定,
CS10-M09-O02,CS10,M09 维护与综合,重构保持行为,CS10.md#2-模块目标与实践清单,完成新增角色后的第二轮交付,需求、设计、实现、测试追踪及评审；保留第一轮工件,B01;B02;B03;对应E适配器,待编写,待建设,待审校,未指定,
CS10-M09-O03,CS10,M09 维护与综合,复盘质量与债务,CS10.md#2-模块目标与实践清单,完成新增角色后的第二轮交付,需求、设计、实现、测试追踪及评审；保留第一轮工件,B01;B02;B03;对应E适配器,待编写,待建设,待审校,未指定,
CS11-M01-O01,CS11,M01 语言与编译流程,区分编译阶段,CS11.md#2-模块目标与实践清单,为小语言写规范和阶段工件,规范样例及反例；不能用宿主语言行为偷代规范,B01;B02;B03;对应E适配器,待编写,待建设,待审校,未指定,
CS11-M01-O02,CS11,M01 语言与编译流程,定义源语言语义,CS11.md#2-模块目标与实践清单,为小语言写规范和阶段工件,规范样例及反例；不能用宿主语言行为偷代规范,B01;B02;B03;对应E适配器,待编写,待建设,待审校,未指定,
CS11-M01-O03,CS11,M01 语言与编译流程,定位错误归属,CS11.md#2-模块目标与实践清单,为小语言写规范和阶段工件,规范样例及反例；不能用宿主语言行为偷代规范,B01;B02;B03;对应E适配器,待编写,待建设,待审校,未指定,
CS11-M02-O01,CS11,M02 词法与自动机,定义正则规则,CS11.md#2-模块目标与实践清单,实现词法器并输出 token 位置,关键字、前缀冲突及非法字符；错误位置也需核验,B01;B02;B03;对应E适配器,待编写,待建设,待审校,未指定,
CS11-M02-O02,CS11,M02 词法与自动机,构造 NFA/DFA,CS11.md#2-模块目标与实践清单,实现词法器并输出 token 位置,关键字、前缀冲突及非法字符；错误位置也需核验,B01;B02;B03;对应E适配器,待编写,待建设,待审校,未指定,
CS11-M02-O03,CS11,M02 词法与自动机,实现最长匹配,CS11.md#2-模块目标与实践清单,实现词法器并输出 token 位置,关键字、前缀冲突及非法字符；错误位置也需核验,B01;B02;B03;对应E适配器,待编写,待建设,待审校,未指定,
CS11-M03-O01,CS11,M03 文法与语言,描述上下文无关文法,CS11.md#2-模块目标与实践清单,为表达式构造多种语法树,合法树与语义区别；不是所有文法都能自动判二义性,B01;B02;B03;对应E适配器,待编写,待建设,待审校,未指定,
CS11-M03-O02,CS11,M03 文法与语言,识别二义性,CS11.md#2-模块目标与实践清单,为表达式构造多种语法树,合法树与语义区别；不是所有文法都能自动判二义性,B01;B02;B03;对应E适配器,待编写,待建设,待审校,未指定,
CS11-M03-O03,CS11,M03 文法与语言,处理优先级结合性,CS11.md#2-模块目标与实践清单,为表达式构造多种语法树,合法树与语义区别；不是所有文法都能自动判二义性,B01;B02;B03;对应E适配器,待编写,待建设,待审校,未指定,
CS11-M04-O01,CS11,M04 自顶向下分析,计算 FIRST/FOLLOW,CS11.md#2-模块目标与实践清单,修复左递归及冲突并解析输入,集合、表及 AST；错误样例为 epsilon 传播缺失,B01;B02;B03;对应E适配器,待编写,待建设,待审校,未指定,
CS11-M04-O02,CS11,M04 自顶向下分析,构造预测表,CS11.md#2-模块目标与实践清单,修复左递归及冲突并解析输入,集合、表及 AST；错误样例为 epsilon 传播缺失,B01;B02;B03;对应E适配器,待编写,待建设,待审校,未指定,
CS11-M04-O03,CS11,M04 自顶向下分析,实现递归下降,CS11.md#2-模块目标与实践清单,修复左递归及冲突并解析输入,集合、表及 AST；错误样例为 epsilon 传播缺失,B01;B02;B03;对应E适配器,待编写,待建设,待审校,未指定,
CS11-M05-O01,CS11,M05 自底向上分析,推演移进归约,CS11.md#2-模块目标与实践清单,手工及程序跟踪小文法分析,项目集及轨迹；冲突不能静默任选动作,B01;B02;B03;对应E适配器,待编写,待建设,待审校,未指定,
CS11-M05-O02,CS11,M05 自底向上分析,构造 LR 项目,CS11.md#2-模块目标与实践清单,手工及程序跟踪小文法分析,项目集及轨迹；冲突不能静默任选动作,B01;B02;B03;对应E适配器,待编写,待建设,待审校,未指定,
CS11-M05-O03,CS11,M05 自底向上分析,定位分析冲突,CS11.md#2-模块目标与实践清单,手工及程序跟踪小文法分析,项目集及轨迹；冲突不能静默任选动作,B01;B02;B03;对应E适配器,待编写,待建设,待审校,未指定,
CS11-M06-O01,CS11,M06 语义与类型,维护符号表,CS11.md#2-模块目标与实践清单,为小语言加入声明和类型检查,嵌套、未声明与类型错；仅 AST 正确不算语义通过,B01;B02;B03;对应E适配器,待编写,待建设,待审校,未指定,
CS11-M06-O02,CS11,M06 语义与类型,处理作用域,CS11.md#2-模块目标与实践清单,为小语言加入声明和类型检查,嵌套、未声明与类型错；仅 AST 正确不算语义通过,B01;B02;B03;对应E适配器,待编写,待建设,待审校,未指定,
CS11-M06-O03,CS11,M06 语义与类型,验证类型约束,CS11.md#2-模块目标与实践清单,为小语言加入声明和类型检查,嵌套、未声明与类型错；仅 AST 正确不算语义通过,B01;B02;B03;对应E适配器,待编写,待建设,待审校,未指定,
CS11-M07-O01,CS11,M07 中间表示,生成三地址码,CS11.md#2-模块目标与实践清单,将分支循环降低为基本块,解释执行等价和图结构；反例为跳转目标错,B01;B02;B03;对应E适配器,待编写,待建设,待审校,未指定,
CS11-M07-O02,CS11,M07 中间表示,构造控制流图,CS11.md#2-模块目标与实践清单,将分支循环降低为基本块,解释执行等价和图结构；反例为跳转目标错,B01;B02;B03;对应E适配器,待编写,待建设,待审校,未指定,
CS11-M07-O03,CS11,M07 中间表示,保持表达式与控制语义,CS11.md#2-模块目标与实践清单,将分支循环降低为基本块,解释执行等价和图结构；反例为跳转目标错,B01;B02;B03;对应E适配器,待编写,待建设,待审校,未指定,
CS11-M08-O01,CS11,M08 优化,执行常量传播,CS11.md#2-模块目标与实践清单,修复改变程序语义的优化,小输入差分及前提论证；有限测试不证明普遍等价,B01;B02;B03;对应E适配器,待编写,待建设,待审校,未指定,
CS11-M08-O02,CS11,M08 优化,分析活跃变量,CS11.md#2-模块目标与实践清单,修复改变程序语义的优化,小输入差分及前提论证；有限测试不证明普遍等价,B01;B02;B03;对应E适配器,待编写,待建设,待审校,未指定,
CS11-M08-O03,CS11,M08 优化,判断优化前提,CS11.md#2-模块目标与实践清单,修复改变程序语义的优化,小输入差分及前提论证；有限测试不证明普遍等价,B01;B02;B03;对应E适配器,待编写,待建设,待审校,未指定,
CS11-M09-O01,CS11,M09 代码生成与综合,分配临时存储,CS11.md#2-模块目标与实践清单,编译并运行完整小语言程序,阶段工件、参考解释器差分、错误诊断和迁移任务,B01;B02;B03;对应E适配器,待编写,待建设,待审校,未指定,
CS11-M09-O02,CS11,M09 代码生成与综合,生成教学栈机指令,CS11.md#2-模块目标与实践清单,编译并运行完整小语言程序,阶段工件、参考解释器差分、错误诊断和迁移任务,B01;B02;B03;对应E适配器,待编写,待建设,待审校,未指定,
CS11-M09-O03,CS11,M09 代码生成与综合,定位端到端编译错误,CS11.md#2-模块目标与实践清单,编译并运行完整小语言程序,阶段工件、参考解释器差分、错误诊断和迁移任务,B01;B02;B03;对应E适配器,待编写,待建设,待审校,未指定,
CS12-M01-O01,CS12,M01 问题与智能体,建立状态动作目标,CS12.md#2-模块目标与实践清单,把自然语言任务转为状态空间,模型约束和小实例审阅；程序能运行不等于问题建模正确,B01;B02;B03;对应E适配器,待编写,待建设,待审校,未指定,
CS12-M01-O02,CS12,M01 问题与智能体,定义评价准则,CS12.md#2-模块目标与实践清单,把自然语言任务转为状态空间,模型约束和小实例审阅；程序能运行不等于问题建模正确,B01;B02;B03;对应E适配器,待编写,待建设,待审校,未指定,
CS12-M01-O03,CS12,M01 问题与智能体,说明环境假设,CS12.md#2-模块目标与实践清单,把自然语言任务转为状态空间,模型约束和小实例审阅；程序能运行不等于问题建模正确,B01;B02;B03;对应E适配器,待编写,待建设,待审校,未指定,
CS12-M02-O01,CS12,M02 无信息搜索,实现 BFS/DFS/一致代价,CS12.md#2-模块目标与实践清单,在含环和不等代价图中求解,轨迹和路径成本；反例为错误去重,B01;B02;B03;对应E适配器,待编写,待建设,待审校,未指定,
CS12-M02-O02,CS12,M02 无信息搜索,比较完备性,CS12.md#2-模块目标与实践清单,在含环和不等代价图中求解,轨迹和路径成本；反例为错误去重,B01;B02;B03;对应E适配器,待编写,待建设,待审校,未指定,
CS12-M02-O03,CS12,M02 无信息搜索,分析时间空间,CS12.md#2-模块目标与实践清单,在含环和不等代价图中求解,轨迹和路径成本；反例为错误去重,B01;B02;B03;对应E适配器,待编写,待建设,待审校,未指定,
CS12-M03-O01,CS12,M03 启发式搜索,构造启发函数,CS12.md#2-模块目标与实践清单,比较不同启发函数的扩展过程,小图最优值和条件；一例最优不证明启发函数有效,B01;B02;B03;对应E适配器,待编写,待建设,待审校,未指定,
CS12-M03-O02,CS12,M03 启发式搜索,检验可采纳与一致条件,CS12.md#2-模块目标与实践清单,比较不同启发函数的扩展过程,小图最优值和条件；一例最优不证明启发函数有效,B01;B02;B03;对应E适配器,待编写,待建设,待审校,未指定,
CS12-M03-O03,CS12,M03 启发式搜索,实现 A*,CS12.md#2-模块目标与实践清单,比较不同启发函数的扩展过程,小图最优值和条件；一例最优不证明启发函数有效,B01;B02;B03;对应E适配器,待编写,待建设,待审校,未指定,
CS12-M04-O01,CS12,M04 对抗与局部搜索,实现 minimax 与剪枝,CS12.md#2-模块目标与实践清单,求解小棋局及局部优化任务,小状态穷举及 seed；剪枝条件错误需检出,B01;B02;B03;对应E适配器,待编写,待建设,待审校,未指定,
CS12-M04-O02,CS12,M04 对抗与局部搜索,解释局部极值,CS12.md#2-模块目标与实践清单,求解小棋局及局部优化任务,小状态穷举及 seed；剪枝条件错误需检出,B01;B02;B03;对应E适配器,待编写,待建设,待审校,未指定,
CS12-M04-O03,CS12,M04 对抗与局部搜索,比较随机重启,CS12.md#2-模块目标与实践清单,求解小棋局及局部优化任务,小状态穷举及 seed；剪枝条件错误需检出,B01;B02;B03;对应E适配器,待编写,待建设,待审校,未指定,
CS12-M05-O01,CS12,M05 约束满足,表达变量域约束,CS12.md#2-模块目标与实践清单,安排课程时段并解释无解,所有约束与小实例解集；不能只验证部分变量,B01;B02;B03;对应E适配器,待编写,待建设,待审校,未指定,
CS12-M05-O02,CS12,M05 约束满足,实现约束传播,CS12.md#2-模块目标与实践清单,安排课程时段并解释无解,所有约束与小实例解集；不能只验证部分变量,B01;B02;B03;对应E适配器,待编写,待建设,待审校,未指定,
CS12-M05-O03,CS12,M05 约束满足,回溯求解,CS12.md#2-模块目标与实践清单,安排课程时段并解释无解,所有约束与小实例解集；不能只验证部分变量,B01;B02;B03;对应E适配器,待编写,待建设,待审校,未指定,
CS12-M06-O01,CS12,M06 知识表示与逻辑推理,选择事实和规则表示,CS12.md#2-模块目标与实践清单,修复知识库并给出推导依据,可检查推导步和反模型；自然语言断言不当证据,B01;B02;B03;对应E适配器,待编写,待建设,待审校,未指定,
CS12-M06-O02,CS12,M06 知识表示与逻辑推理,执行归结或前向推理,CS12.md#2-模块目标与实践清单,修复知识库并给出推导依据,可检查推导步和反模型；自然语言断言不当证据,B01;B02;B03;对应E适配器,待编写,待建设,待审校,未指定,
CS12-M06-O03,CS12,M06 知识表示与逻辑推理,发现冲突,CS12.md#2-模块目标与实践清单,修复知识库并给出推导依据,可检查推导步和反模型；自然语言断言不当证据,B01;B02;B03;对应E适配器,待编写,待建设,待审校,未指定,
CS12-M07-O01,CS12,M07 不确定推理,计算条件概率,CS12.md#2-模块目标与实践清单,用观测更新故障概率,小规模精确枚举；反例为错误归一化或条件独立,B01;B02;B03;对应E适配器,待编写,待建设,待审校,未指定,
CS12-M07-O02,CS12,M07 不确定推理,构造小贝叶斯网络,CS12.md#2-模块目标与实践清单,用观测更新故障概率,小规模精确枚举；反例为错误归一化或条件独立,B01;B02;B03;对应E适配器,待编写,待建设,待审校,未指定,
CS12-M07-O03,CS12,M07 不确定推理,解释独立性假设,CS12.md#2-模块目标与实践清单,用观测更新故障概率,小规模精确枚举；反例为错误归一化或条件独立,B01;B02;B03;对应E适配器,待编写,待建设,待审校,未指定,
CS12-M08-O01,CS12,M08 规划与学习概览,表达动作前置与效果,CS12.md#2-模块目标与实践清单,生成行动序列并设计反馈信号,计划可执行性及目标；环境奖励不能当一般能力结论,B01;B02;B03;对应E适配器,待编写,待建设,待审校,未指定,
CS12-M08-O02,CS12,M08 规划与学习概览,搜索计划,CS12.md#2-模块目标与实践清单,生成行动序列并设计反馈信号,计划可执行性及目标；环境奖励不能当一般能力结论,B01;B02;B03;对应E适配器,待编写,待建设,待审校,未指定,
CS12-M08-O03,CS12,M08 规划与学习概览,区分监督与强化学习问题,CS12.md#2-模块目标与实践清单,生成行动序列并设计反馈信号,计划可执行性及目标；环境奖励不能当一般能力结论,B01;B02;B03;对应E适配器,待编写,待建设,待审校,未指定,
CS12-M09-O01,CS12,M09 综合与责任边界,比较系统性能与成本,CS12.md#2-模块目标与实践清单,交付规划器并编写失效案例,真实轨迹、限制与审阅；生成模型输出不作唯一正确性依据,B01;B02;B03;对应E适配器,待编写,待建设,待审校,未指定,
CS12-M09-O02,CS12,M09 综合与责任边界,分析错误及偏差,CS12.md#2-模块目标与实践清单,交付规划器并编写失效案例,真实轨迹、限制与审阅；生成模型输出不作唯一正确性依据,B01;B02;B03;对应E适配器,待编写,待建设,待审校,未指定,
CS12-M09-O03,CS12,M09 综合与责任边界,解释模型适用边界,CS12.md#2-模块目标与实践清单,交付规划器并编写失效案例,真实轨迹、限制与审阅；生成模型输出不作唯一正确性依据,B01;B02;B03;对应E适配器,待编写,待建设,待审校,未指定,
CS13-M01-O01,CS13,M01 任务与数据,区分学习任务,CS13.md#2-模块目标与实践清单,审计小数据集并建立简单基线,数据版本和标签范围；不得先看测试答案再选模型,B01;B02;B03;对应E适配器,待编写,待建设,待审校,未指定,
CS13-M01-O02,CS13,M01 任务与数据,检查数据来源及标签,CS13.md#2-模块目标与实践清单,审计小数据集并建立简单基线,数据版本和标签范围；不得先看测试答案再选模型,B01;B02;B03;对应E适配器,待编写,待建设,待审校,未指定,
CS13-M01-O03,CS13,M01 任务与数据,确定基线和指标,CS13.md#2-模块目标与实践清单,审计小数据集并建立简单基线,数据版本和标签范围；不得先看测试答案再选模型,B01;B02;B03;对应E适配器,待编写,待建设,待审校,未指定,
CS13-M02-O01,CS13,M02 划分与预处理,划分训练验证测试,CS13.md#2-模块目标与实践清单,修复带泄漏的数据流水线,索引、拟合来源和工件检查；只报高分不能通过,B01;B02;B03;对应E适配器,待编写,待建设,待审校,未指定,
CS13-M02-O02,CS13,M02 划分与预处理,处理缺失及编码,CS13.md#2-模块目标与实践清单,修复带泄漏的数据流水线,索引、拟合来源和工件检查；只报高分不能通过,B01;B02;B03;对应E适配器,待编写,待建设,待审校,未指定,
CS13-M02-O03,CS13,M02 划分与预处理,限制预处理拟合范围,CS13.md#2-模块目标与实践清单,修复带泄漏的数据流水线,索引、拟合来源和工件检查；只报高分不能通过,B01;B02;B03;对应E适配器,待编写,待建设,待审校,未指定,
CS13-M03-O01,CS13,M03 线性模型,实现线性及逻辑回归,CS13.md#2-模块目标与实践清单,比较手写训练与可信参考计算,梯度有限差分和小样本结果；容差需按数值条件确定,B01;B02;B03;对应E适配器,待编写,待建设,待审校,未指定,
CS13-M03-O02,CS13,M03 线性模型,计算损失梯度,CS13.md#2-模块目标与实践清单,比较手写训练与可信参考计算,梯度有限差分和小样本结果；容差需按数值条件确定,B01;B02;B03;对应E适配器,待编写,待建设,待审校,未指定,
CS13-M03-O03,CS13,M03 线性模型,解释正则化,CS13.md#2-模块目标与实践清单,比较手写训练与可信参考计算,梯度有限差分和小样本结果；容差需按数值条件确定,B01;B02;B03;对应E适配器,待编写,待建设,待审校,未指定,
CS13-M04-O01,CS13,M04 优化与泛化,分析学习率,CS13.md#2-模块目标与实践清单,绘制训练验证曲线并修改策略,日志与划分约束；不得按测试集调参,B01;B02;B03;对应E适配器,待编写,待建设,待审校,未指定,
CS13-M04-O02,CS13,M04 优化与泛化,辨认欠拟合过拟合,CS13.md#2-模块目标与实践清单,绘制训练验证曲线并修改策略,日志与划分约束；不得按测试集调参,B01;B02;B03;对应E适配器,待编写,待建设,待审校,未指定,
CS13-M04-O03,CS13,M04 优化与泛化,使用验证选择超参数,CS13.md#2-模块目标与实践清单,绘制训练验证曲线并修改策略,日志与划分约束；不得按测试集调参,B01;B02;B03;对应E适配器,待编写,待建设,待审校,未指定,
CS13-M05-O01,CS13,M05 树与集成,构建决策树,CS13.md#2-模块目标与实践清单,比较树深度及集成方案,预测、结构和可复现 seed；高容量训练满分不是结论,B01;B02;B03;对应E适配器,待编写,待建设,待审校,未指定,
CS13-M05-O02,CS13,M05 树与集成,比较 bagging 与 boosting,CS13.md#2-模块目标与实践清单,比较树深度及集成方案,预测、结构和可复现 seed；高容量训练满分不是结论,B01;B02;B03;对应E适配器,待编写,待建设,待审校,未指定,
CS13-M05-O03,CS13,M05 树与集成,解释复杂度和偏差,CS13.md#2-模块目标与实践清单,比较树深度及集成方案,预测、结构和可复现 seed；高容量训练满分不是结论,B01;B02;B03;对应E适配器,待编写,待建设,待审校,未指定,
CS13-M06-O01,CS13,M06 距离与核方法,实现近邻,CS13.md#2-模块目标与实践清单,构造尺度变化反例并训练模型,受控数据及指标；缩放不能在全量数据先拟合,B01;B02;B03;对应E适配器,待编写,待建设,待审校,未指定,
CS13-M06-O02,CS13,M06 距离与核方法,解释尺度影响,CS13.md#2-模块目标与实践清单,构造尺度变化反例并训练模型,受控数据及指标；缩放不能在全量数据先拟合,B01;B02;B03;对应E适配器,待编写,待建设,待审校,未指定,
CS13-M06-O03,CS13,M06 距离与核方法,比较线性及核分类边界,CS13.md#2-模块目标与实践清单,构造尺度变化反例并训练模型,受控数据及指标；缩放不能在全量数据先拟合,B01;B02;B03;对应E适配器,待编写,待建设,待审校,未指定,
CS13-M07-O01,CS13,M07 无监督学习,实施聚类,CS13.md#2-模块目标与实践清单,聚类并比较 PCA 投影,目标函数、重构及合理解释；簇编号置换不算错误,B01;B02;B03;对应E适配器,待编写,待建设,待审校,未指定,
CS13-M07-O02,CS13,M07 无监督学习,解释降维,CS13.md#2-模块目标与实践清单,聚类并比较 PCA 投影,目标函数、重构及合理解释；簇编号置换不算错误,B01;B02;B03;对应E适配器,待编写,待建设,待审校,未指定,
CS13-M07-O03,CS13,M07 无监督学习,评估无标签结果的限制,CS13.md#2-模块目标与实践清单,聚类并比较 PCA 投影,目标函数、重构及合理解释；簇编号置换不算错误,B01;B02;B03;对应E适配器,待编写,待建设,待审校,未指定,
CS13-M08-O01,CS13,M08 神经网络基础,计算前向与反向,CS13.md#2-模块目标与实践清单,在 CPU 小数据上实现两层网络,梯度检查及受控损失下降；不要求大型 GPU 训练,B01;B02;B03;对应E适配器,待编写,待建设,待审校,未指定,
CS13-M08-O02,CS13,M08 神经网络基础,训练小型网络,CS13.md#2-模块目标与实践清单,在 CPU 小数据上实现两层网络,梯度检查及受控损失下降；不要求大型 GPU 训练,B01;B02;B03;对应E适配器,待编写,待建设,待审校,未指定,
CS13-M08-O03,CS13,M08 神经网络基础,检查数值和形状错误,CS13.md#2-模块目标与实践清单,在 CPU 小数据上实现两层网络,梯度检查及受控损失下降；不要求大型 GPU 训练,B01;B02;B03;对应E适配器,待编写,待建设,待审校,未指定,
CS13-M09-O01,CS13,M09 评估与解释,计算分类回归指标,CS13.md#2-模块目标与实践清单,修复混淆矩阵和报告中的错误结论,指标重算、阈值和置信条件审阅；准确率不能遮蔽少数类失败,B01;B02;B03;对应E适配器,待编写,待建设,待审校,未指定,
CS13-M09-O02,CS13,M09 评估与解释,处理不平衡,CS13.md#2-模块目标与实践清单,修复混淆矩阵和报告中的错误结论,指标重算、阈值和置信条件审阅；准确率不能遮蔽少数类失败,B01;B02;B03;对应E适配器,待编写,待建设,待审校,未指定,
CS13-M09-O03,CS13,M09 评估与解释,分析误差和不确定性,CS13.md#2-模块目标与实践清单,修复混淆矩阵和报告中的错误结论,指标重算、阈值和置信条件审阅；准确率不能遮蔽少数类失败,B01;B02;B03;对应E适配器,待编写,待建设,待审校,未指定,
CS13-M10-O01,CS13,M10 复现与交付,锁定数据依赖及随机性,CS13.md#2-模块目标与实践清单,交付实验报告和可重跑预测接口,重新运行及工件比对；随机误差用预设容差不强求位级相同,B01;B02;B03;对应E适配器,待编写,待建设,待审校,未指定,
CS13-M10-O02,CS13,M10 复现与交付,保存加载模型,CS13.md#2-模块目标与实践清单,交付实验报告和可重跑预测接口,重新运行及工件比对；随机误差用预设容差不强求位级相同,B01;B02;B03;对应E适配器,待编写,待建设,待审校,未指定,
CS13-M10-O03,CS13,M10 复现与交付,识别分布漂移与使用风险,CS13.md#2-模块目标与实践清单,交付实验报告和可重跑预测接口,重新运行及工件比对；随机误差用预设容差不强求位级相同,B01;B02;B03;对应E适配器,待编写,待建设,待审校,未指定,
