goal,title,language,conditions,acceptance
CS13-M01-O01,分类标签不能因为整数编码变成回归,python313,base;changed-condition,finite conditions; explanation and independent transfer pending
CS13-M01-O02,训练特征不得使用预测时不可用的标签,python313,base;changed-condition,finite conditions; explanation and independent transfer pending
CS13-M01-O03,多数类基线需报告少数类召回,python313,base;changed-condition,finite conditions; explanation and independent transfer pending
CS13-M02-O01,同一实体不能跨训练与测试泄漏,python313,base;changed-condition,finite conditions; explanation and independent transfer pending
CS13-M02-O02,缺失填补参数只能从训练集拟合,python313,base;changed-condition,finite conditions; explanation and independent transfer pending
CS13-M02-O03,测试数据转换不能重新拟合参数,python313,base;changed-condition,finite conditions; explanation and independent transfer pending
CS13-M03-O01,逻辑回归输出须经sigmoid,python313,base;changed-condition,finite conditions; explanation and independent transfer pending
CS13-M03-O02,平方损失梯度必须乘输入,python313,base;changed-condition,finite conditions; explanation and independent transfer pending
CS13-M03-O03,L2项不可写成参数的一次和,python313,base;changed-condition,finite conditions; explanation and independent transfer pending
CS13-M04-O01,过大学习率在二次目标上会发散,python313,base;changed-condition,finite conditions; explanation and independent transfer pending
CS13-M04-O02,低训练误差不能证明泛化,python313,base;changed-condition,finite conditions; explanation and independent transfer pending
CS13-M04-O03,超参数只能按验证集选择,python313,base;changed-condition,finite conditions; explanation and independent transfer pending
CS13-M05-O01,分裂不纯度按子节点样本数加权,python313,base;changed-condition,finite conditions; explanation and independent transfer pending
CS13-M05-O02,bagging预测平均不可误用累加,python313,base;changed-condition,finite conditions; explanation and independent transfer pending
CS13-M05-O03,复杂度选型须观察验证风险,python313,base;changed-condition,finite conditions; explanation and independent transfer pending
CS13-M06-O01,最近邻应选择最小距离,python313,base;changed-condition,finite conditions; explanation and independent transfer pending
CS13-M06-O02,特征尺度改变距离排序,python313,base;changed-condition,finite conditions; explanation and independent transfer pending
CS13-M06-O03,线性特征无法表示对称两端类别,python313,base;changed-condition,finite conditions; explanation and independent transfer pending
CS13-M07-O01,k均值中心应为簇内算术均值,python313,base;changed-condition,finite conditions; explanation and independent transfer pending
CS13-M07-O02,PCA投影必须沿用训练中心,python313,base;changed-condition,finite conditions; explanation and independent transfer pending
CS13-M07-O03,聚类编号置换不代表分组变化,python313,base;changed-condition,finite conditions; explanation and independent transfer pending
CS13-M08-O01,反向传播必须应用链式输入因子,python313,base;changed-condition,finite conditions; explanation and independent transfer pending
CS13-M08-O02,训练更新应沿负梯度,python313,base;changed-condition,finite conditions; explanation and independent transfer pending
CS13-M08-O03,稳定softmax先减最大logit,python313,base;changed-condition,finite conditions; explanation and independent transfer pending
CS13-M09-O01,精确率分母包含假阳性,python313,base;changed-condition,finite conditions; explanation and independent transfer pending
CS13-M09-O02,不平衡数据需独立观察少数类,python313,base;changed-condition,finite conditions; explanation and independent transfer pending
CS13-M09-O03,点估计相同不能忽略样本数,python313,base;changed-condition,finite conditions; explanation and independent transfer pending
CS13-M10-O01,实验记录必须冻结种子和数据版本,python313,base;changed-condition,finite conditions; explanation and independent transfer pending
CS13-M10-O02,模型持久化应包含预处理参数,python313,base;changed-condition,finite conditions; explanation and independent transfer pending
CS13-M10-O03,分布外输入应保留用途限制,python313,base;changed-condition,finite conditions; explanation and independent transfer pending
